способ подбора,показатель,медиана |отклонения| в ст. откл.
аналоги по потреблению (страница),доля старше трудоспособного,0.397
аналоги по потреблению (страница),миграционный прирост,0.456
аналоги по потреблению (страница),доля горожан,0.44
аналоги по потреблению (страница),доля занятых в O–Q,0.493
аналоги по потреблению (страница),торговых объектов на 1 000,0.567
аналоги по потреблению (страница),среднее по пяти показателям,0.47
"зарплата и численность, вся страна",доля старше трудоспособного,0.504
"зарплата и численность, вся страна",миграционный прирост,0.488
"зарплата и численность, вся страна",доля горожан,0.653
"зарплата и численность, вся страна",доля занятых в O–Q,0.493
"зарплата и численность, вся страна",торговых объектов на 1 000,0.616
"зарплата и численность, вся страна",среднее по пяти показателям,0.551
"зарплата и численность, свой регион",доля старше трудоспособного,0.35
"зарплата и численность, свой регион",миграционный прирост,0.416
"зарплата и численность, свой регион",доля горожан,0.465
"зарплата и численность, свой регион",доля занятых в O–Q,0.435
"зарплата и численность, свой регион",торговых объектов на 1 000,0.55
"зарплата и численность, свой регион",среднее по пяти показателям,0.443
"аналоги по потреблению, свой регион",доля старше трудоспособного,0.354
"аналоги по потреблению, свой регион",миграционный прирост,0.399
"аналоги по потреблению, свой регион",доля горожан,0.389
"аналоги по потреблению, свой регион",доля занятых в O–Q,0.519
"аналоги по потреблению, свой регион",торговых объектов на 1 000,0.538
"аналоги по потреблению, свой регион",среднее по пяти показателям,0.44
"тот же тип потребления + зарплата и численность, свой регион",доля старше трудоспособного,0.368
"тот же тип потребления + зарплата и численность, свой регион",миграционный прирост,0.437
"тот же тип потребления + зарплата и численность, свой регион",доля горожан,0.423
"тот же тип потребления + зарплата и численность, свой регион",доля занятых в O–Q,0.466
"тот же тип потребления + зарплата и численность, свой регион",торговых объектов на 1 000,0.551
"тот же тип потребления + зарплата и численность, свой регион",среднее по пяти показателям,0.449
