случай,МО,регион,тип потребления,показатель,значение,медиана типа,соседи по дорогам,надёжность типа
"тратят больше, чем объясняет рынок труда",Нижнеколымский муниципальный район,Республика Саха (Якутия),Крайний Север с летним пиком,"расходы жителя, руб./мес.",53767.0,41606.0,66233.52706904196,0.975609756097561
"тратят больше, чем объясняет рынок труда",Нижнеколымский муниципальный район,Республика Саха (Якутия),Крайний Север с летним пиком,"фонд оплаты труда на жителя, руб./мес.",30163.0,49966.0,165170.7613619263,0.975609756097561
"тратят больше, чем объясняет рынок труда",Нижнеколымский муниципальный район,Республика Саха (Якутия),Крайний Север с летним пиком,расходы ÷ фонд оплаты,1.7825481550243676,0.9950393857812344,0.4345243401396872,0.975609756097561
"тратят больше, чем объясняет рынок труда",Нижнеколымский муниципальный район,Республика Саха (Якутия),Крайний Север с летним пиком,"средняя зарплата, руб.",113257.0,122086.0,180206.92964171185,0.975609756097561
"тратят больше, чем объясняет рынок труда",Нижнеколымский муниципальный район,Республика Саха (Якутия),Крайний Север с летним пиком,работников на жителя,0.267,0.378,0.8988138579740108,0.975609756097561
"тратят больше, чем объясняет рынок труда",Нижнеколымский муниципальный район,Республика Саха (Якутия),Крайний Север с летним пиком,доля старше трудоспособного,0.183,0.168,0.14717176853230463,0.975609756097561
"тратят больше, чем объясняет рынок труда",Нижнеколымский муниципальный район,Республика Саха (Якутия),Крайний Север с летним пиком,остаток модели (станд.),1.272,0.175,1.2541684484866824,0.975609756097561
"тратят больше, чем объясняет рынок труда",Нижнеколымский муниципальный район,Республика Саха (Якутия),Крайний Север с летним пиком,доступность рынков,113.6,135.85,112.64177895496732,0.975609756097561
"тратят больше, чем объясняет рынок труда",Нижнеколымский муниципальный район,Республика Саха (Якутия),Крайний Север с летним пиком,"до центра региона, км",2685.0,616.5,1867.7612387931047,0.975609756097561
"тратят меньше, чем объясняет рынок труда",Верхнеуслонский муниципальный район,Республика Татарстан,"Средний уровень, ровный сезон","расходы жителя, руб./мес.",25564.0,23189.0,24088.57048268762,0.9743589743589745
"тратят меньше, чем объясняет рынок труда",Верхнеуслонский муниципальный район,Республика Татарстан,"Средний уровень, ровный сезон","фонд оплаты труда на жителя, руб./мес.",77608.0,8831.0,13056.934784543337,0.9743589743589745
"тратят меньше, чем объясняет рынок труда",Верхнеуслонский муниципальный район,Республика Татарстан,"Средний уровень, ровный сезон",расходы ÷ фонд оплаты,0.3293990310277291,2.63022971923205,2.0835639111138025,0.9743589743589745
"тратят меньше, чем объясняет рынок труда",Верхнеуслонский муниципальный район,Республика Татарстан,"Средний уровень, ровный сезон","средняя зарплата, руб.",164434.0,50727.0,62662.23555925892,0.9743589743589745
"тратят меньше, чем объясняет рынок труда",Верхнеуслонский муниципальный район,Республика Татарстан,"Средний уровень, ровный сезон",работников на жителя,0.47,0.173,0.20128434934032494,0.9743589743589745
"тратят меньше, чем объясняет рынок труда",Верхнеуслонский муниципальный район,Республика Татарстан,"Средний уровень, ровный сезон",доля старше трудоспособного,0.255,0.282,0.2614714722362338,0.9743589743589745
"тратят меньше, чем объясняет рынок труда",Верхнеуслонский муниципальный район,Республика Татарстан,"Средний уровень, ровный сезон",остаток модели (станд.),-2.868,-0.074,-0.6570376327594142,0.9743589743589745
"тратят меньше, чем объясняет рынок труда",Верхнеуслонский муниципальный район,Республика Татарстан,"Средний уровень, ровный сезон",доступность рынков,357.3,328.7,359.6953210108395,0.9743589743589745
"тратят меньше, чем объясняет рынок труда",Верхнеуслонский муниципальный район,Республика Татарстан,"Средний уровень, ровный сезон","до центра региона, км",52.0,110.0,72.21203941165608,0.9743589743589745
Север: расходы много ниже фонда оплаты труда,Катангский муниципальный район,Иркутская область,Крайний Север с летним пиком,"расходы жителя, руб./мес.",37896.0,41606.0,36192.28210750185,0.8888888888888888
Север: расходы много ниже фонда оплаты труда,Катангский муниципальный район,Иркутская область,Крайний Север с летним пиком,"фонд оплаты труда на жителя, руб./мес.",342450.0,49966.0,76859.35114640287,0.8888888888888888
Север: расходы много ниже фонда оплаты труда,Катангский муниципальный район,Иркутская область,Крайний Север с летним пиком,расходы ÷ фонд оплаты,0.11066141042487955,0.9950393857812344,0.6120404525295424,0.8888888888888888
Север: расходы много ниже фонда оплаты труда,Катангский муниципальный район,Иркутская область,Крайний Север с летним пиком,"средняя зарплата, руб.",140201.0,122086.0,118931.83943152725,0.8888888888888888
Север: расходы много ниже фонда оплаты труда,Катангский муниципальный район,Иркутская область,Крайний Север с летним пиком,работников на жителя,2.427,0.378,0.6233838480177077,0.8888888888888888
Север: расходы много ниже фонда оплаты труда,Катангский муниципальный район,Иркутская область,Крайний Север с летним пиком,доля старше трудоспособного,0.24,0.168,0.2038011557244348,0.8888888888888888
Север: расходы много ниже фонда оплаты труда,Катангский муниципальный район,Иркутская область,Крайний Север с летним пиком,остаток модели (станд.),0.133,0.175,0.037611157908366145,0.8888888888888888
Север: расходы много ниже фонда оплаты труда,Катангский муниципальный район,Иркутская область,Крайний Север с летним пиком,доступность рынков,158.7,135.85,167.377002335474,0.8888888888888888
Север: расходы много ниже фонда оплаты труда,Катангский муниципальный район,Иркутская область,Крайний Север с летним пиком,"до центра региона, км",1488.0,616.5,1678.188571909076,0.8888888888888888
пригород центра региона,Приволжский муниципальный район,Астраханская область,Растущие города,"расходы жителя, руб./мес.",28250.0,30780.0,21591.195509484845,0.951219512195122
пригород центра региона,Приволжский муниципальный район,Астраханская область,Растущие города,"фонд оплаты труда на жителя, руб./мес.",2660.0,13055.5,11373.308501592397,0.951219512195122
пригород центра региона,Приволжский муниципальный район,Астраханская область,Растущие города,расходы ÷ фонд оплаты,10.6203007518797,2.342773544680961,3.6860363048726814,0.951219512195122
пригород центра региона,Приволжский муниципальный район,Астраханская область,Растущие города,"средняя зарплата, руб.",47510.0,64822.0,58666.40349195559,0.951219512195122
пригород центра региона,Приволжский муниципальный район,Астраханская область,Растущие города,работников на жителя,0.056,0.208,0.15664394808255794,0.951219512195122
пригород центра региона,Приволжский муниципальный район,Астраханская область,Растущие города,доля старше трудоспособного,0.179,0.251,0.22612965067880092,0.951219512195122
пригород центра региона,Приволжский муниципальный район,Астраханская область,Растущие города,остаток модели (станд.),0.384,0.3025,-0.81714580564312,0.951219512195122
пригород центра региона,Приволжский муниципальный район,Астраханская область,Растущие города,доступность рынков,291.9,328.0,288.18297710651746,0.951219512195122
пригород центра региона,Приволжский муниципальный район,Астраханская область,Растущие города,"до центра региона, км",14.0,73.5,78.94854674807061,0.951219512195122
