type,description,n_attrs,extent,precision,coverage,delta
0,↓ уровень расходов,1,672,0.688,0.877,241
0,↓ доля общепита ∧ ↓ уровень расходов,2,431,0.812,0.664,107
0,↓ доля прочего ∧ ↓ уровень расходов,2,427,0.806,0.653,99
1,↓ доля транспорта ∧ ↓ летний пик,2,285,0.67,0.435,121
1,↓ доля транспорта ∧ ↓ волатильность,2,211,0.701,0.337,107
1,↓↓ доля транспорта,1,202,0.614,0.282,79
2,↑ доля общепита ∧ ↑↑ относительный рост,2,118,0.737,0.238,17
2,↑ доля общепита ∧ ↑ относительный рост ∧ ↓ волатильность,3,135,0.63,0.232,26
2,↓ доля продовольствия ∧ ↑↑ относительный рост,2,117,0.675,0.216,16
3,↓ доля здоровья ∧ ↑ доля транспорта,2,111,0.604,0.248,30
3,↓ доля здоровья ∧ ↑ доля транспорта ∧ ↑ летний пик,3,81,0.691,0.207,29
3,↑ доля транспорта ∧ ↑ летний пик ∧ ↑ декабрьский пик,3,84,0.607,0.189,30
4,↑ доля транспорта ∧ ↑ доля прочего ∧ ↓↓ сдвиг к маркетплейсам,3,165,0.842,0.848,1
4,↓ доля продовольствия ∧ ↑ доля прочего ∧ ↓↓ сдвиг к маркетплейсам,3,171,0.819,0.854,1
4,↑ доля транспорта ∧ ↑ уровень расходов ∧ ↓↓ сдвиг к маркетплейсам,3,169,0.822,0.848,1
5,↓ доля здоровья ∧ ↓ доля транспорта ∧ ↑ уровень расходов,3,95,0.642,0.55,10
5,↓ доля транспорта ∧ ↑ уровень расходов ∧ ↑ летний пик,3,96,0.635,0.55,11
5,↓ доля здоровья ∧ ↑ уровень расходов ∧ ↓ декабрьский пик,3,66,0.758,0.45,9
6,↓ доля маркетплейсов ∧ ↑↑ доля общепита ∧ ↓ летний пик,3,71,0.648,0.465,1
6,↑↑ доля общепита ∧ ↓ летний пик ∧ ↓ декабрьский пик,3,71,0.648,0.465,1
6,↑↑ доля общепита ∧ ↑ доля транспорта ∧ ↓ летний пик,3,74,0.622,0.465,1
7,↓↓ доля маркетплейсов ∧ ↑↑ летний пик ∧ ↑↑ волатильность,3,47,0.745,0.875,5
7,↓ доля маркетплейсов ∧ ↑↑ летний пик ∧ ↑↑ волатильность,3,57,0.667,0.95,6
7,↑ доля прочего ∧ ↑↑ летний пик ∧ ↑↑ волатильность,3,61,0.639,0.975,3
