финалист,итоговый тип,тип финалиста,МО
kefrin|multiplex|euclidean|xi1|k6,0,0,524
kefrin|multiplex|euclidean|xi1|k6,0,1,3
kefrin|multiplex|euclidean|xi1|k6,1,0,115
kefrin|multiplex|euclidean|xi1|k6,1,1,324
kefrin|multiplex|euclidean|xi1|k6,2,1,11
kefrin|multiplex|euclidean|xi1|k6,2,2,352
kefrin|multiplex|euclidean|xi1|k6,2,3,3
kefrin|multiplex|euclidean|xi1|k6,3,0,28
kefrin|multiplex|euclidean|xi1|k6,3,1,211
kefrin|multiplex|euclidean|xi1|k6,3,2,28
kefrin|multiplex|euclidean|xi1|k6,3,5,3
kefrin|multiplex|euclidean|xi1|k6,4,3,164
kefrin|multiplex|euclidean|xi1|k6,5,1,13
kefrin|multiplex|euclidean|xi1|k6,5,2,41
kefrin|multiplex|euclidean|xi1|k6,5,3,10
kefrin|multiplex|euclidean|xi1|k6,5,5,47
kefrin|multiplex|euclidean|xi1|k6,6,2,1
kefrin|multiplex|euclidean|xi1|k6,6,3,4
kefrin|multiplex|euclidean|xi1|k6,6,4,94
kefrin|multiplex|euclidean|xi1|k6,7,5,40
kefrin|multiplex|euclidean|xi1|k7,0,0,511
kefrin|multiplex|euclidean|xi1|k7,0,1,16
kefrin|multiplex|euclidean|xi1|k7,1,0,105
kefrin|multiplex|euclidean|xi1|k7,1,1,331
kefrin|multiplex|euclidean|xi1|k7,1,4,3
kefrin|multiplex|euclidean|xi1|k7,2,1,21
kefrin|multiplex|euclidean|xi1|k7,2,2,338
kefrin|multiplex|euclidean|xi1|k7,2,3,1
kefrin|multiplex|euclidean|xi1|k7,2,4,6
kefrin|multiplex|euclidean|xi1|k7,3,0,32
kefrin|multiplex|euclidean|xi1|k7,3,1,192
kefrin|multiplex|euclidean|xi1|k7,3,2,23
kefrin|multiplex|euclidean|xi1|k7,3,4,23
kefrin|multiplex|euclidean|xi1|k7,4,3,164
kefrin|multiplex|euclidean|xi1|k7,5,2,1
kefrin|multiplex|euclidean|xi1|k7,5,4,109
kefrin|multiplex|euclidean|xi1|k7,5,6,1
kefrin|multiplex|euclidean|xi1|k7,6,2,3
kefrin|multiplex|euclidean|xi1|k7,6,3,2
kefrin|multiplex|euclidean|xi1|k7,6,5,94
kefrin|multiplex|euclidean|xi1|k7,7,6,40
