,коэф. (станд.),p,"95% ДИ, нижняя","95% ДИ, верхняя"
доля старше трудоспособного,0.1084,0.0245,0.014,0.2029
"доля занятых в O–Q (госуправление, образование, здравоохранение)",0.6562,0.0,0.5961,0.7163
log доступности рынков,0.3058,0.0,0.195,0.4167
log расстояния до центра региона,0.021,0.3906,-0.0269,0.0689
Север (широта ≥ 60°),-0.6903,0.0,-0.9376,-0.4429
городской округ,-0.0355,0.6559,-0.1918,0.1208
миграционный прирост на 1000,0.109,0.0005,0.0475,0.1704
объектов торговли на 1000,-0.1587,0.0,-0.2108,-0.1066
доля современных форматов,-0.0205,0.4096,-0.0691,0.0282
