,log расходов (C),log расходов (C): p,log фонда оплаты на жителя (F),log фонда оплаты на жителя (F): p,log(C/F),log(C/F): p,проверка: C − F − C/F
доля старше трудоспособного,-0.05278,0.0,-0.11245,0.00012,0.05967,0.02448,-0.0
"доля занятых в O–Q (госуправление, образование, здравоохранение)",-0.07259,0.0,-0.43368,0.0,0.36109,0.0,-0.0
log доступности рынков,-0.07714,0.0,-0.24542,0.0,0.16828,0.0,0.0
log расстояния до центра региона,-0.0465,0.0,-0.05805,9e-05,0.01155,0.39062,0.0
Север (широта ≥ 60°),0.22301,0.0,0.60284,0.0,-0.37983,0.0,-0.0
городской округ,0.05755,0.00642,0.0771,0.10358,-0.01956,0.65586,0.0
миграционный прирост на 1000,0.03672,0.0,-0.02323,0.15431,0.05995,0.00051,-0.0
объектов торговли на 1000,0.00444,0.41624,0.09175,0.0,-0.0873,0.0,0.0
доля современных форматов,-0.038,0.0,-0.02674,0.07871,-0.01127,0.40955,0.0
