K,показатель,η² (без ГФЗ)
6,log(расходы ÷ фонд оплаты),0.251
6,log зарплаты,0.589
6,log фонда оплаты на жителя,0.457
6,log работников на жителя,0.283
6,доля старше трудоспособного,0.337
6,миграционный прирост,0.132
7,log(расходы ÷ фонд оплаты),0.328
7,log зарплаты,0.636
7,log фонда оплаты на жителя,0.523
7,log работников на жителя,0.348
7,доля старше трудоспособного,0.341
7,миграционный прирост,0.139
8,log(расходы ÷ фонд оплаты),0.326
8,log зарплаты,0.638
8,log фонда оплаты на жителя,0.519
8,log работников на жителя,0.341
8,доля старше трудоспособного,0.376
8,миграционный прирост,0.153
