territory_id,year,сумма разделов,total
23,2023,10118.0,10116.0
25,2024,27492.0,27490.0
38,2023,15487.0,15486.0
84,2023,91032.0,91029.0
84,2024,90839.0,90837.0
107,2024,108509.0,108508.0
167,2023,54395.0,54394.0
206,2023,65509.0,65508.0
206,2024,65118.0,65117.0
229,2023,32134.0,32133.0
244,2024,114743.0,114740.0
269,2024,67705.0,67704.0
354,2024,339505.0,339504.0
355,2023,129840.0,129838.0
399,2024,32109.0,32108.0
420,2023,21510.0,21509.0
430,2023,13805.0,13804.0
448,2024,46766.0,46765.0
510,2023,23543.0,23542.0
573,2023,89818.0,89816.0
608,2023,55648.0,55647.0
608,2024,55356.0,55354.0
622,2023,305742.0,305741.0
623,2023,30959.0,30957.0
625,2023,19415.0,19414.0
634,2023,15778.0,15776.0
656,2023,23519.0,23517.0
666,2023,279838.0,279835.0
666,2024,284032.0,284030.0
676,2023,12866.0,12865.0
767,2024,13559.0,13558.0
775,2024,170259.0,170256.0
782,2024,31887.0,31885.0
820,2023,26378.0,26377.0
861,2024,62741.0,62740.0
916,2024,10903.0,10902.0
931,2024,101888.0,101886.0
932,2023,32362.0,32361.0
932,2024,32059.0,32058.0
933,2023,62192.0,62190.0
946,2024,10861.0,10860.0
953,2023,111911.0,111910.0
985,2024,5818.0,5816.0
986,2024,98726.0,98725.0
989,2023,29391.0,29389.0
1008,2023,56330.0,56328.0
1019,2024,5351.0,5350.0
1045,2023,82581.0,82579.0
1075,2023,12603.0,12602.0
1107,2024,76034.0,76032.0
1134,2023,190166.0,190163.0
1158,2024,13018.0,13017.0
1176,2023,113939.0,113936.0
1198,2024,109645.0,109643.0
1233,2023,123097.0,123095.0
1236,2023,26039.0,26038.0
1359,2024,109319.0,109318.0
1395,2023,71753.0,71751.0
1395,2024,78449.0,78447.0
1397,2023,47084.0,47082.0
1408,2023,24404.0,24403.0
1408,2024,24428.0,24426.0
1410,2023,127941.0,127940.0
1413,2024,14664.0,14662.0
1447,2024,20249.0,20248.0
1461,2023,24357.0,24355.0
1468,2023,27915.0,27914.0
1475,2023,19567.0,19566.0
1492,2024,22288.0,22287.0
1527,2023,50535.0,50534.0
1554,2023,2468.0,2465.0
1560,2023,26083.0,26081.0
1560,2024,26340.0,26339.0
1575,2023,62042.0,62041.0
1620,2023,31858.0,31857.0
1639,2023,6383.0,6382.0
1673,2024,40176.0,40175.0
1790,2023,284382.0,284381.0
1790,2024,286148.0,286147.0
1823,2023,11844.0,11843.0
1952,2023,50184.0,50183.0
1953,2024,77025.0,77024.0
1971,2024,468963.0,468962.0
2164,2023,177524.0,177523.0
2188,2023,18571.0,18570.0
2190,2023,210985.0,210984.0
2216,2024,44479.0,44478.0
2217,2023,26771.0,26770.0
2220,2024,43269.0,43268.0
2238,2024,23593.0,23591.0
2242,2023,68145.0,68143.0
2242,2024,72182.0,72181.0
2243,2023,32193.0,32192.0
2275,2023,323887.0,323885.0
2275,2024,331440.0,331439.0
2320,2023,50179.0,50178.0
2335,2023,8608.0,8607.0
2423,2023,65877.0,65876.0
2423,2024,58151.0,58150.0
2485,2023,24014.0,24012.0
2495,2024,58970.0,58968.0
2533,2023,36014.0,36013.0
2535,2024,60676.0,60674.0
2536,2023,184100.0,184099.0
2544,2023,133824.0,133823.0
2564,2023,31780.0,31778.0
2613,2024,34750.0,34749.0
2621,2024,50476.0,50475.0
2650,2023,6557.0,6556.0
2809,2023,16308.0,16306.0
2814,2023,50660.0,50659.0
3007,2023,22564.0,22563.0
