territory_id,year,сумма разделов,итог,опубликовано разделов,"превышение, чел.","допуск округления, чел.",ОКТМО
23,2023,10118.0,10116.0,16.0,2.0,8.0,80723000
25,2024,27492.0,27490.0,18.0,2.0,9.0,80727000
38,2023,15487.0,15486.0,19.0,1.0,9.5,80609000
84,2023,91032.0,91029.0,19.0,3.0,9.5,81701000
84,2024,90839.0,90837.0,19.0,2.0,9.5,81701000
107,2024,108509.0,108508.0,19.0,1.0,9.5,82701000
167,2023,54395.0,54394.0,18.0,1.0,9.0,83701000
206,2023,65509.0,65508.0,19.0,1.0,9.5,86701000
206,2024,65118.0,65117.0,19.0,1.0,9.5,86701000
229,2023,32134.0,32133.0,19.0,1.0,9.5,87725000
244,2024,114743.0,114740.0,19.0,3.0,9.5,35701000
269,2024,67705.0,67704.0,18.0,1.0,9.0,88701000
354,2024,339505.0,339504.0,19.0,1.0,9.5,92701000
355,2023,129840.0,129838.0,19.0,2.0,9.5,92730000
399,2024,32109.0,32108.0,19.0,1.0,9.5,93701000
420,2023,21510.0,21509.0,18.0,1.0,9.0,94720000
430,2023,13805.0,13804.0,19.0,1.0,9.5,94516000
448,2024,46766.0,46765.0,19.0,1.0,9.5,95701000
510,2023,23543.0,23542.0,18.0,1.0,9.0,01716000
573,2023,89818.0,89816.0,19.0,2.0,9.5,76701000
608,2023,55648.0,55647.0,19.0,1.0,9.5,30701000
608,2024,55356.0,55354.0,19.0,2.0,9.5,30701000
622,2023,305742.0,305741.0,19.0,1.0,9.5,03701000
623,2023,30959.0,30957.0,18.0,2.0,9.0,03703000
625,2023,19415.0,19414.0,18.0,1.0,9.0,03708000
634,2023,15778.0,15776.0,17.0,2.0,8.5,03612000
656,2023,23519.0,23517.0,19.0,2.0,9.5,03645000
666,2023,279838.0,279835.0,19.0,3.0,9.5,04701000
666,2024,284032.0,284030.0,19.0,2.0,9.5,04701000
676,2023,12866.0,12865.0,18.0,1.0,9.0,04723000
767,2024,13559.0,13558.0,19.0,1.0,9.5,57758000
775,2024,170259.0,170256.0,19.0,3.0,9.5,05701000
782,2024,31887.0,31885.0,18.0,2.0,9.0,05714000
820,2023,26378.0,26377.0,18.0,1.0,9.0,07724000
861,2024,62741.0,62740.0,19.0,1.0,9.5,10701000
916,2024,10903.0,10902.0,19.0,1.0,9.5,11851000
931,2024,101888.0,101886.0,19.0,2.0,9.5,14701000
932,2023,32362.0,32361.0,19.0,1.0,9.5,14730000
932,2024,32059.0,32058.0,19.0,1.0,9.5,14730000
933,2023,62192.0,62190.0,19.0,2.0,9.5,14740000
946,2024,10861.0,10860.0,17.0,1.0,8.5,14735000
953,2023,111911.0,111910.0,18.0,1.0,9.0,15701000
985,2024,5818.0,5816.0,18.0,2.0,9.0,15658000
986,2024,98726.0,98725.0,19.0,1.0,9.5,17701000
989,2023,29391.0,29389.0,18.0,2.0,9.0,17735000
1008,2023,56330.0,56328.0,19.0,2.0,9.5,18710000
1019,2024,5351.0,5350.0,18.0,1.0,9.0,18612000
1045,2023,82581.0,82579.0,18.0,2.0,9.0,19701000
1075,2023,12603.0,12602.0,17.0,1.0,8.5,20727000
1107,2024,76034.0,76032.0,18.0,2.0,9.0,24701000
1134,2023,190166.0,190163.0,19.0,3.0,9.5,25701000
1158,2024,13018.0,13017.0,19.0,1.0,9.5,25628000
1176,2023,113939.0,113936.0,19.0,3.0,9.5,27701000
1198,2024,109645.0,109643.0,19.0,2.0,9.5,29701000
1233,2023,123097.0,123095.0,19.0,2.0,9.5,32731000
1236,2023,26039.0,26038.0,18.0,1.0,9.0,32737000
1359,2024,109319.0,109318.0,18.0,1.0,9.0,38701000
1395,2023,71753.0,71751.0,19.0,2.0,9.5,41612000
1395,2024,78449.0,78447.0,19.0,2.0,9.5,41612000
1397,2023,47084.0,47082.0,19.0,2.0,9.5,41618000
1408,2023,24404.0,24403.0,19.0,1.0,9.5,41648000
1408,2024,24428.0,24426.0,19.0,2.0,9.5,41648000
1410,2023,127941.0,127940.0,18.0,1.0,9.0,42701000
1413,2024,14664.0,14662.0,18.0,2.0,9.0,42606000
1447,2024,20249.0,20248.0,18.0,1.0,9.0,46722000
1461,2023,24357.0,24355.0,17.0,2.0,8.5,46740000
1468,2023,27915.0,27914.0,18.0,1.0,9.0,46750000
1475,2023,19567.0,19566.0,16.0,1.0,8.0,46764000
1492,2024,22288.0,22287.0,18.0,1.0,9.0,46737000
1527,2023,50535.0,50534.0,18.0,1.0,9.0,22721000
1554,2023,2468.0,2465.0,16.0,3.0,8.0,22530000
1560,2023,26083.0,26081.0,18.0,2.0,9.0,22537000
1560,2024,26340.0,26339.0,18.0,1.0,9.0,22537000
1575,2023,62042.0,62041.0,18.0,1.0,9.0,49701000
1620,2023,31858.0,31857.0,18.0,1.0,9.0,50640000
1639,2023,6383.0,6382.0,17.0,1.0,8.5,52618000
1673,2024,40176.0,40175.0,19.0,1.0,9.5,53723000
1790,2023,284382.0,284381.0,19.0,1.0,9.5,60701000
1790,2024,286148.0,286147.0,19.0,1.0,9.5,60701000
1823,2023,11844.0,11843.0,18.0,1.0,9.0,60632000
1952,2023,50184.0,50183.0,19.0,1.0,9.5,63650000
1953,2024,77025.0,77024.0,19.0,1.0,9.5,64701000
1971,2024,468963.0,468962.0,19.0,1.0,9.5,65701000
2164,2023,177524.0,177523.0,19.0,1.0,9.5,70701000
2188,2023,18571.0,18570.0,18.0,1.0,9.0,70648000
2190,2023,210985.0,210984.0,19.0,1.0,9.5,71701000
2216,2024,44479.0,44478.0,19.0,1.0,9.5,71871000
2217,2023,26771.0,26770.0,18.0,1.0,9.0,71883000
2220,2024,43269.0,43268.0,18.0,1.0,9.0,71874000
2238,2024,23593.0,23591.0,19.0,2.0,9.5,71951000
2242,2023,68145.0,68143.0,18.0,2.0,9.0,71956000
2242,2024,72182.0,72181.0,18.0,1.0,9.0,71956000
2243,2023,32193.0,32192.0,19.0,1.0,9.5,71958000
2275,2023,323887.0,323885.0,19.0,2.0,9.5,75701000
2275,2024,331440.0,331439.0,19.0,1.0,9.5,75701000
2320,2023,50179.0,50178.0,17.0,1.0,8.5,78715000
2335,2023,8608.0,8607.0,17.0,1.0,8.5,78643000
2423,2023,65877.0,65876.0,19.0,1.0,9.5,40373000
2423,2024,58151.0,58150.0,19.0,1.0,9.5,40373000
2485,2023,24014.0,24012.0,16.0,2.0,8.0,45324000
2495,2024,58970.0,58968.0,17.0,2.0,8.5,45334000
2533,2023,36014.0,36013.0,16.0,1.0,8.0,45372000
2535,2024,60676.0,60674.0,17.0,2.0,8.5,45374000
2536,2023,184100.0,184099.0,18.0,1.0,9.0,45375000
2544,2023,133824.0,133823.0,19.0,1.0,9.5,45383000
2564,2023,31780.0,31778.0,17.0,2.0,8.5,45905000
2613,2024,34750.0,34749.0,18.0,1.0,9.0,67312000
2621,2024,50476.0,50475.0,19.0,1.0,9.5,57708000
2650,2023,6557.0,6556.0,18.0,1.0,9.0,15720000
2809,2023,16308.0,16306.0,19.0,2.0,9.5,57530000
2814,2023,50660.0,50659.0,18.0,1.0,9.0,46758000
3007,2023,22564.0,22563.0,16.0,1.0,8.0,32522000
