регион,МО,столица опережает,столица отстаёт,синхронно,псевдостолица опережает,псевдостолица отстаёт
Республика Адыгея,8,0.375,0.125,0.5,0.7142857142857143,0.2857142857142857
Республика Алтай,10,0.0,0.0,1.0,0.0,0.0
Республика Башкортостан,60,0.13333333333333333,0.26666666666666666,0.6,0.1864406779661017,0.2033898305084746
Карачаево-Черкесская Республика,7,0.0,0.2857142857142857,0.7142857142857143,0.6666666666666666,0.16666666666666666
Республика Карелия,17,0.058823529411764705,0.11764705882352941,0.8235294117647058,0.25,0.0625
Республика Коми,19,0.15789473684210525,0.21052631578947367,0.631578947368421,0.2777777777777778,0.5555555555555556
Республика Марий Эл,16,0.1875,0.125,0.6875,0.3333333333333333,0.06666666666666667
Республика Саха (Якутия),28,0.07142857142857142,0.0,0.9285714285714286,0.07407407407407407,0.0
Республика Северная Осетия — Алания,6,0.0,0.3333333333333333,0.6666666666666666,0.0,0.2
Республика Татарстан,42,0.047619047619047616,0.07142857142857142,0.8809523809523809,0.04878048780487805,0.17073170731707318
Удмуртская Республика,26,0.038461538461538464,0.2692307692307692,0.6923076923076923,0.4,0.36
Республика Хакасия,11,0.36363636363636365,0.09090909090909091,0.5454545454545454,0.4,0.4
Чувашская Республика,22,0.22727272727272727,0.18181818181818182,0.5909090909090909,0.6666666666666666,0.2857142857142857
Алтайский край,64,0.40625,0.46875,0.125,0.1746031746031746,0.49206349206349204
Камчатский край,8,0.625,0.25,0.125,0.14285714285714285,0.7142857142857143
Красноярский край,50,0.22,0.46,0.32,0.32653061224489793,0.3877551020408163
Пермский край,41,0.24390243902439024,0.4146341463414634,0.34146341463414637,0.275,0.275
Приморский край,32,0.53125,0.15625,0.3125,0.3225806451612903,0.6129032258064516
Ставропольский край,32,0.09375,0.0625,0.84375,0.06451612903225806,0.0967741935483871
Хабаровский край,15,0.2,0.6,0.2,0.42857142857142855,0.35714285714285715
Архангельская область,21,0.2857142857142857,0.3333333333333333,0.38095238095238093,0.25,0.3
Астраханская область,10,0.5,0.2,0.3,0.0,0.3333333333333333
Владимирская область,17,0.17647058823529413,0.23529411764705882,0.5882352941176471,0.3125,0.125
Волгоградская область,34,0.29411764705882354,0.2647058823529412,0.4411764705882353,0.15151515151515152,0.2727272727272727
Ивановская область,25,0.4,0.2,0.4,0.3333333333333333,0.125
Иркутская область,38,0.2894736842105263,0.47368421052631576,0.23684210526315788,0.24324324324324326,0.5135135135135135
Калининградская область,18,0.2777777777777778,0.3888888888888889,0.3333333333333333,0.4117647058823529,0.4117647058823529
Калужская область,24,0.125,0.4583333333333333,0.4166666666666667,0.2608695652173913,0.391304347826087
Калужская область,24,0.375,0.4583333333333333,0.16666666666666666,0.4782608695652174,0.43478260869565216
Кемеровская область,29,0.034482758620689655,0.1724137931034483,0.7931034482758621,0.07142857142857142,0.14285714285714285
Кировская область,42,0.2619047619047619,0.2619047619047619,0.47619047619047616,0.4146341463414634,0.2926829268292683
Костромская область,27,0.48148148148148145,0.1111111111111111,0.4074074074074074,0.4230769230769231,0.23076923076923078
Курганская область,23,0.2608695652173913,0.6956521739130435,0.043478260869565216,0.2727272727272727,0.5454545454545454
Ленинградская область,17,0.0,0.0,1.0,0.0,0.0
Липецкая область,17,0.17647058823529413,0.17647058823529413,0.6470588235294118,0.0625,0.125
Мурманская область,11,0.09090909090909091,0.09090909090909091,0.8181818181818182,0.1,0.0
Нижегородская область,49,0.24489795918367346,0.4489795918367347,0.30612244897959184,0.22916666666666666,0.4375
Новгородская область,20,0.3,0.1,0.6,0.47368421052631576,0.05263157894736842
Новосибирская область,34,0.38235294117647056,0.29411764705882354,0.3235294117647059,0.30303030303030304,0.45454545454545453
Омская область,32,0.34375,0.59375,0.0625,0.5483870967741935,0.3870967741935484
Оренбургская область,38,0.34210526315789475,0.21052631578947367,0.4473684210526316,0.32432432432432434,0.1891891891891892
Орловская область,20,0.45,0.25,0.3,0.47368421052631576,0.42105263157894735
Псковская область,21,0.23809523809523808,0.38095238095238093,0.38095238095238093,0.4,0.25
Рязанская область,25,0.44,0.32,0.24,0.5,0.2916666666666667
Самарская область,35,0.2,0.14285714285714285,0.6571428571428571,0.14705882352941177,0.08823529411764706
Свердловская область,63,0.20634920634920634,0.14285714285714285,0.6507936507936508,0.16129032258064516,0.20967741935483872
Смоленская область,26,0.34615384615384615,0.15384615384615385,0.5,0.48,0.4
Тверская область,36,0.3611111111111111,0.19444444444444445,0.4444444444444444,0.4,0.45714285714285713
Томская область,18,0.3333333333333333,0.5555555555555556,0.1111111111111111,0.4117647058823529,0.17647058823529413
Тульская область,23,0.17391304347826086,0.08695652173913043,0.7391304347826086,0.13636363636363635,0.09090909090909091
Тюменская область,23,0.13043478260869565,0.5217391304347826,0.34782608695652173,0.5454545454545454,0.13636363636363635
Ханты-Мансийский автономный округ — Югра,21,0.14285714285714285,0.0,0.8571428571428571,0.0,0.25
Ямало-Ненецкий автономный округ,12,0.16666666666666666,0.08333333333333333,0.75,0.0,0.0
Ульяновская область,20,0.2,0.55,0.25,0.3684210526315789,0.0
Челябинская область,36,0.2222222222222222,0.16666666666666666,0.6111111111111112,0.3142857142857143,0.3142857142857143
Ярославская область,18,0.1111111111111111,0.05555555555555555,0.8333333333333334,0.23529411764705882,0.058823529411764705
Еврейская автономная область,5,0.4,0.2,0.4,0.25,0.75
Еврейская автономная область,5,0.6,0.4,0.0,0.25,0.25
Саратовская область,38,0.42105263157894735,0.39473684210526316,0.18421052631578946,0.2702702702702703,0.4594594594594595
Тамбовская область,23,0.21739130434782608,0.34782608695652173,0.43478260869565216,0.2727272727272727,0.18181818181818182
