territory_id,reliability
1,0.9069767441860465
2,0.5853658536585366
3,1.0
4,0.6136363636363636
5,0.275
6,0.7659574468085106
7,0.9512195121951219
8,0.95
9,0.6428571428571429
10,0.9487179487179487
11,0.6136363636363636
12,0.9523809523809523
13,0.8444444444444444
14,0.8409090909090909
15,0.775
16,0.825
17,0.8372093023255814
18,0.7297297297297297
19,0.65
20,0.9024390243902439
21,1.0
22,0.9069767441860465
23,0.825
25,1.0
26,1.0
27,1.0
28,0.9459459459459459
29,1.0
30,0.5
31,0.6410256410256411
32,0.8823529411764706
33,0.775
34,0.6666666666666666
35,0.6388888888888888
36,0.8205128205128205
37,0.8536585365853658
38,0.8529411764705882
39,0.574468085106383
40,0.8648648648648649
41,0.8095238095238095
42,0.8648648648648649
43,0.8048780487804879
44,0.8809523809523809
45,0.675
46,0.8048780487804879
47,0.4594594594594595
48,0.6842105263157895
49,0.8095238095238095
50,0.7804878048780488
51,0.575
52,0.7837837837837838
53,0.75
54,0.6666666666666666
55,0.7317073170731707
56,0.7948717948717948
57,0.975
58,0.525
59,0.7142857142857143
60,0.975
61,0.4634146341463415
62,0.7209302325581395
63,0.7954545454545454
65,0.5135135135135135
66,0.972972972972973
67,0.7142857142857143
68,0.9487179487179487
69,0.8780487804878049
70,0.6944444444444444
71,0.7027027027027027
72,0.7619047619047619
73,1.0
74,0.8205128205128205
75,0.9459459459459459
76,1.0
77,0.9444444444444444
78,0.8205128205128205
79,0.6578947368421053
80,0.6904761904761905
81,0.7560975609756098
82,0.7142857142857143
83,0.325
167,0.9444444444444444
168,1.0
169,0.7804878048780488
173,1.0
181,1.0
184,0.9743589743589743
185,0.9512195121951219
188,0.9302325581395349
191,0.9285714285714286
194,0.47368421052631576
195,0.875
196,0.5555555555555556
198,0.9736842105263158
201,0.7941176470588235
203,0.8421052631578947
204,0.9767441860465116
205,0.9166666666666666
206,0.38461538461538464
207,0.8571428571428571
208,0.5897435897435898
209,0.525
210,0.717948717948718
211,0.3611111111111111
212,0.40476190476190477
213,0.46153846153846156
214,0.6923076923076923
215,0.6976744186046512
216,0.6842105263157895
217,0.5135135135135135
218,0.8837209302325582
219,0.8648648648648649
220,0.6
221,0.6
222,0.95
223,0.8292682926829268
224,0.6904761904761905
225,0.9024390243902439
226,0.9545454545454546
227,0.9024390243902439
228,0.85
229,0.9
230,0.7209302325581395
231,0.475
232,0.41025641025641024
233,0.5365853658536586
234,0.8648648648648649
235,0.8809523809523809
236,0.5434782608695652
237,0.5945945945945946
238,0.926829268292683
239,0.7380952380952381
240,0.6666666666666666
241,0.7631578947368421
242,0.4883720930232558
243,0.5714285714285714
269,0.9285714285714286
270,0.8048780487804879
271,0.825
272,0.9285714285714286
273,0.9302325581395349
274,0.8043478260869565
275,0.9
276,0.6097560975609756
277,0.7894736842105263
278,0.9473684210526315
279,0.42105263157894735
280,0.7894736842105263
281,0.6571428571428571
282,0.7894736842105263
283,0.9210526315789473
284,0.9473684210526315
285,1.0
287,0.9761904761904762
288,0.975
289,0.9761904761904762
290,1.0
292,1.0
293,0.9767441860465116
294,0.9428571428571428
295,0.9767441860465116
296,0.975
297,0.9743589743589743
298,0.7727272727272727
300,0.9736842105263158
301,0.7674418604651163
302,0.9714285714285714
303,0.75
304,0.975609756097561
305,0.9736842105263158
306,0.9772727272727273
307,0.3902439024390244
308,0.7894736842105263
309,0.5945945945945946
312,0.8947368421052632
314,0.5609756097560976
316,1.0
317,0.40625
318,0.9736842105263158
319,1.0
320,0.5227272727272727
321,0.4772727272727273
323,0.9047619047619048
324,0.5681818181818182
325,0.85
326,0.41025641025641024
327,0.9411764705882353
329,0.5384615384615384
330,0.9024390243902439
331,0.975609756097561
332,0.9333333333333333
333,0.5277777777777778
334,0.9743589743589743
335,0.9743589743589743
336,0.5454545454545454
337,0.5
338,0.8108108108108109
339,0.5116279069767442
340,0.813953488372093
341,0.972972972972973
342,0.6410256410256411
343,0.5675675675675675
345,0.9714285714285714
346,0.8048780487804879
347,0.7777777777777778
348,0.9024390243902439
349,0.9736842105263158
351,0.8157894736842105
352,0.8717948717948718
354,0.9230769230769231
355,1.0
356,0.9722222222222222
357,0.9772727272727273
358,0.9761904761904762
359,0.6190476190476191
360,0.85
361,0.813953488372093
362,1.0
363,0.8536585365853658
364,0.9
365,0.8571428571428571
366,0.7619047619047619
367,0.9444444444444444
368,0.975
369,0.7804878048780488
370,0.9743589743589743
371,0.9473684210526315
372,1.0
373,0.975
374,0.7027027027027027
375,1.0
376,0.8333333333333334
377,0.8421052631578947
378,0.7142857142857143
379,1.0
380,0.926829268292683
381,0.7631578947368421
382,0.9761904761904762
383,0.95
384,0.7619047619047619
385,1.0
386,0.8571428571428571
387,0.7222222222222222
388,0.926829268292683
390,0.775
391,0.5641025641025641
392,0.5945945945945946
393,0.4878048780487805
395,0.8378378378378378
396,0.7105263157894737
397,0.717948717948718
398,0.6363636363636364
401,0.6888888888888889
402,0.8
403,0.8292682926829268
404,0.75
405,0.7380952380952381
408,0.717948717948718
410,0.5526315789473685
413,0.6511627906976745
414,0.7435897435897436
416,0.6097560975609756
418,1.0
419,0.9523809523809523
420,0.918918918918919
421,0.7
422,0.9487179487179487
423,0.9512195121951219
424,0.5263157894736842
425,0.9230769230769231
428,0.975
429,0.8604651162790697
430,0.9767441860465116
431,0.8636363636363636
432,0.8695652173913043
433,0.7948717948717948
434,1.0
435,0.9230769230769231
436,0.8717948717948718
437,1.0
438,0.9523809523809523
440,0.6052631578947368
441,0.9230769230769231
442,0.9
443,0.6428571428571429
444,0.8333333333333334
445,0.9375
446,0.95
447,0.6976744186046512
448,0.9777777777777777
449,0.6666666666666666
450,0.45
451,0.6875
452,0.7027027027027027
453,0.7567567567567568
455,0.8048780487804879
456,0.926829268292683
457,0.725
458,0.8604651162790697
459,0.6
460,0.75
478,1.0
479,0.975
480,0.5526315789473685
481,0.972972972972973
482,0.9090909090909091
484,0.7777777777777778
485,0.975609756097561
486,0.5641025641025641
487,0.625
489,0.6976744186046512
490,0.95
491,0.8780487804878049
492,0.7674418604651163
493,0.4782608695652174
494,0.6764705882352942
495,1.0
496,0.7297297297297297
497,0.9
498,0.8571428571428571
499,0.7948717948717948
501,0.6428571428571429
502,0.9459459459459459
503,0.6904761904761905
504,0.9772727272727273
505,0.5434782608695652
506,1.0
507,0.9761904761904762
508,0.6341463414634146
509,0.9473684210526315
510,0.95
511,0.6410256410256411
512,0.4473684210526316
515,0.8181818181818182
516,1.0
517,0.6511627906976745
518,0.6571428571428571
519,0.8095238095238095
520,1.0
521,0.9285714285714286
522,0.9142857142857143
523,0.9534883720930233
524,0.7105263157894737
525,0.85
527,0.7142857142857143
528,0.8974358974358975
529,0.6
530,0.6410256410256411
531,0.7714285714285715
532,0.9130434782608695
533,0.9534883720930233
534,0.85
535,0.7555555555555555
536,0.9743589743589743
537,0.7608695652173914
538,0.6511627906976745
539,0.96875
540,0.34285714285714286
541,0.975609756097561
542,1.0
543,0.7894736842105263
544,0.75
545,0.40476190476190477
546,0.9743589743589743
547,0.9512195121951219
548,0.975609756097561
549,0.9767441860465116
550,0.9318181818181818
552,0.5609756097560976
553,0.926829268292683
554,0.6578947368421053
555,0.9230769230769231
556,0.9487179487179487
557,1.0
558,0.8918918918918919
559,0.9534883720930233
560,0.95
561,0.95
562,0.9523809523809523
563,0.9705882352941176
564,0.9166666666666666
565,1.0
566,1.0
567,1.0
568,0.9047619047619048
569,0.9428571428571428
570,0.9714285714285714
571,0.9555555555555556
572,0.8571428571428571
574,0.775
578,0.6111111111111112
579,0.3684210526315789
580,0.5588235294117647
581,0.48717948717948717
582,0.8604651162790697
583,0.6052631578947368
584,0.7441860465116279
585,0.8333333333333334
586,0.8378378378378378
587,0.7948717948717948
588,0.6486486486486487
589,0.8085106382978723
591,0.6842105263157895
592,0.775
593,0.7692307692307693
594,0.8157894736842105
595,0.7857142857142857
598,0.5609756097560976
599,0.7560975609756098
600,0.775
601,0.7297297297297297
602,0.5
603,0.6511627906976745
604,0.7906976744186046
605,0.725
606,0.7857142857142857
607,0.813953488372093
608,0.8780487804878049
612,0.8717948717948718
613,0.8717948717948718
614,0.9302325581395349
615,0.8809523809523809
616,0.926829268292683
618,0.918918918918919
619,0.8857142857142857
621,0.9714285714285714
666,0.8285714285714286
667,0.9722222222222222
668,0.725
669,0.8333333333333334
670,0.9285714285714286
671,0.275
674,0.9428571428571428
675,0.9047619047619048
676,0.9473684210526315
677,0.75
678,0.8461538461538461
679,0.9772727272727273
680,0.918918918918919
683,1.0
685,0.6486486486486487
686,0.9777777777777777
687,1.0
689,0.6744186046511628
690,0.9302325581395349
691,0.5675675675675675
692,0.9473684210526315
693,0.975609756097561
694,0.7692307692307693
695,0.7692307692307693
696,0.9459459459459459
697,0.8
698,0.30303030303030304
699,0.925
701,0.8863636363636364
702,0.8529411764705882
703,0.8333333333333334
704,0.5
705,0.45
706,1.0
708,0.6857142857142857
710,0.5121951219512195
711,0.6190476190476191
712,0.9534883720930233
713,0.9761904761904762
714,0.43902439024390244
715,0.926829268292683
716,0.8409090909090909
717,0.3902439024390244
718,0.9722222222222222
719,0.9047619047619048
720,0.9230769230769231
721,0.7948717948717948
722,0.7368421052631579
723,0.7804878048780488
725,0.4857142857142857
726,0.9534883720930233
727,0.975609756097561
731,0.575
734,0.7297297297297297
735,0.5277777777777778
736,0.16279069767441862
737,0.2631578947368421
738,0.38095238095238093
739,0.7
741,0.6875
742,0.6744186046511628
743,0.5238095238095238
744,0.48717948717948717
745,0.8048780487804879
746,0.7906976744186046
747,0.8205128205128205
748,0.975
749,0.3902439024390244
751,0.813953488372093
752,0.825
753,0.7317073170731707
754,0.6585365853658537
755,0.8292682926829268
756,0.4473684210526316
757,1.0
758,0.7608695652173914
760,0.9487179487179487
761,0.9523809523809523
763,0.9534883720930233
764,0.9523809523809523
765,0.975609756097561
766,0.38461538461538464
767,0.6923076923076923
769,0.8409090909090909
770,0.5555555555555556
771,0.4358974358974359
773,0.5
774,0.6590909090909091
775,0.8611111111111112
776,1.0
777,0.8235294117647058
778,0.5
779,0.5
780,0.55
781,0.6
782,0.8444444444444444
783,0.6410256410256411
784,0.717391304347826
785,0.875
787,0.5
788,0.6451612903225806
789,0.5111111111111111
790,0.7368421052631579
791,0.7027027027027027
792,0.6842105263157895
793,0.8857142857142857
794,0.9714285714285714
795,0.9285714285714286
796,0.7567567567567568
797,0.59375
798,0.7027027027027027
799,0.6052631578947368
800,0.7674418604651163
801,0.6923076923076923
802,0.5581395348837209
803,0.5581395348837209
804,0.8809523809523809
805,0.6190476190476191
806,0.7142857142857143
807,0.6153846153846154
808,0.6097560975609756
809,0.9736842105263158
810,0.08333333333333333
811,0.925
812,1.0
813,0.9772727272727273
814,0.7948717948717948
815,0.65
817,0.6756756756756757
818,0.9473684210526315
819,0.95
820,0.9302325581395349
821,0.6097560975609756
822,0.21951219512195122
823,0.6666666666666666
824,0.9714285714285714
825,0.37142857142857144
826,0.9722222222222222
827,0.9772727272727273
828,1.0
829,1.0
830,0.8958333333333334
831,1.0
832,0.38095238095238093
833,0.7555555555555555
834,0.9534883720930233
835,0.975609756097561
836,1.0
838,0.975
839,0.9714285714285714
840,1.0
841,0.9736842105263158
842,0.8378378378378378
843,0.875
844,0.21212121212121213
846,0.3181818181818182
847,0.8421052631578947
848,0.9487179487179487
849,0.36585365853658536
851,0.3076923076923077
852,0.4594594594594595
853,0.925
854,0.9069767441860465
855,0.9
856,0.8823529411764706
857,0.6136363636363636
859,0.75
860,0.8181818181818182
870,0.7272727272727273
871,0.7272727272727273
872,0.95
873,0.5263157894736842
874,0.45
875,0.9111111111111111
876,0.7435897435897436
877,0.3488372093023256
878,0.2391304347826087
879,0.7317073170731707
880,0.6176470588235294
881,0.6410256410256411
882,0.6097560975609756
883,0.6
884,0.8461538461538461
885,0.7073170731707317
886,0.5813953488372093
888,0.925
889,0.5581395348837209
890,0.5789473684210527
891,0.7
892,0.6097560975609756
895,0.95
896,0.8461538461538461
897,0.3617021276595745
898,0.7631578947368421
899,0.9428571428571428
900,0.4418604651162791
901,0.3617021276595745
902,0.5111111111111111
903,0.9024390243902439
904,0.7073170731707317
905,0.5714285714285714
907,0.4
908,0.47619047619047616
909,0.7073170731707317
911,0.375
912,0.5128205128205128
913,0.34210526315789475
914,0.925
915,0.8235294117647058
916,0.8292682926829268
917,0.775
918,0.9761904761904762
920,0.7619047619047619
922,0.975609756097561
923,0.9736842105263158
924,0.975609756097561
925,0.9047619047619048
926,0.9761904761904762
927,0.918918918918919
928,0.9512195121951219
929,0.9714285714285714
930,0.85
986,0.9487179487179487
987,0.8780487804878049
988,1.0
989,0.925
991,1.0
992,0.17777777777777778
993,0.7560975609756098
994,0.9736842105263158
995,0.775
996,0.9459459459459459
998,0.9142857142857143
999,0.8611111111111112
1001,1.0
1002,0.8571428571428571
1003,0.7804878048780488
1004,1.0
1005,0.8571428571428571
1006,0.8055555555555556
1007,1.0
1008,1.0
1009,0.8292682926829268
1010,0.4146341463414634
1011,0.34146341463414637
1012,0.775
1013,0.9523809523809523
1014,1.0
1015,0.8378378378378378
1016,0.9722222222222222
1017,0.225
1018,0.9512195121951219
1019,0.813953488372093
1020,1.0
1021,0.6904761904761905
1023,0.9743589743589743
1024,1.0
1025,0.7837837837837838
1026,0.9565217391304348
1027,0.9743589743589743
1028,1.0
1029,0.9545454545454546
1030,1.0
1031,0.43478260869565216
1032,0.975
1033,0.9714285714285714
1034,0.9714285714285714
1035,0.975609756097561
1036,0.9761904761904762
1037,0.3157894736842105
1038,1.0
1039,0.8571428571428571
1040,0.9444444444444444
1041,0.8461538461538461
1044,0.9473684210526315
1047,0.8157894736842105
1048,0.5238095238095238
1049,0.29545454545454547
1051,0.6428571428571429
1052,0.4418604651162791
1053,0.9743589743589743
1054,0.9714285714285714
1055,0.6923076923076923
1056,1.0
1057,0.9459459459459459
1058,0.9285714285714286
1059,0.717948717948718
1060,0.47058823529411764
1061,0.75
1062,0.631578947368421
1063,0.7894736842105263
1064,0.6923076923076923
1065,0.4444444444444444
1066,0.75
1067,0.6666666666666666
1068,0.6857142857142857
1069,0.9318181818181818
1070,0.6666666666666666
1071,0.95
1072,0.7441860465116279
1107,0.9743589743589743
1108,0.8421052631578947
1109,0.4883720930232558
1110,0.825
1111,0.7954545454545454
1112,0.7027027027027027
1113,0.7804878048780488
1115,0.8918918918918919
1116,0.5365853658536586
1117,1.0
1118,0.7692307692307693
1119,0.85
1120,0.8936170212765957
1121,0.6097560975609756
1122,0.8780487804878049
1123,0.5
1124,0.7804878048780488
1125,0.7804878048780488
1126,0.975609756097561
1127,0.8974358974358975
1128,0.4864864864864865
1129,0.8888888888888888
1130,1.0
1131,0.6176470588235294
1132,0.9736842105263158
1133,0.8421052631578947
1134,0.9047619047619048
1135,0.9772727272727273
1136,0.7674418604651163
1137,0.7
1138,0.425
1139,0.75
1140,0.9761904761904762
1141,0.8444444444444444
1142,0.7380952380952381
1143,0.3333333333333333
1144,0.3684210526315789
1146,0.9772727272727273
1147,0.55
1148,0.85
1149,0.7894736842105263
1150,0.8863636363636364
1151,0.7692307692307693
1152,0.8888888888888888
1153,0.7
1154,0.717948717948718
1155,0.8292682926829268
1157,0.5227272727272727
1158,0.6111111111111112
1159,0.8717948717948718
1160,0.37209302325581395
1161,0.6829268292682927
1163,0.475
1164,0.46153846153846156
1165,0.8571428571428571
1166,0.625
1167,0.6829268292682927
1168,0.8
1169,0.975609756097561
1170,0.8157894736842105
1171,0.8333333333333334
1172,0.8205128205128205
1173,0.6666666666666666
1174,0.7692307692307693
1175,0.8
1176,0.8780487804878049
1178,0.675
1179,0.9545454545454546
1180,0.975
1181,0.6153846153846154
1184,0.42857142857142855
1185,0.95
1186,0.9
1187,0.5
1188,0.975609756097561
1189,0.7
1190,0.9743589743589743
1191,0.6097560975609756
1192,0.6976744186046512
1193,0.4666666666666667
1194,0.7368421052631579
1195,0.7906976744186046
1196,0.6410256410256411
1197,0.358974358974359
1198,0.9512195121951219
1200,0.7894736842105263
1201,0.9767441860465116
1203,1.0
1204,0.5833333333333334
1205,0.5555555555555556
1206,0.7631578947368421
1207,0.6046511627906976
1208,1.0
1209,0.8461538461538461
1210,0.9318181818181818
1211,0.6153846153846154
1212,0.9473684210526315
1213,0.9302325581395349
1214,0.6585365853658537
1215,0.7380952380952381
1217,0.8205128205128205
1218,0.8181818181818182
1219,0.9473684210526315
1220,0.8611111111111112
1221,0.8947368421052632
1222,0.9767441860465116
1223,0.4146341463414634
1224,0.9767441860465116
1225,0.813953488372093
1226,0.9473684210526315
1227,0.5853658536585366
1228,0.7142857142857143
1229,0.9761904761904762
1230,1.0
1231,0.8333333333333334
1232,0.6904761904761905
1233,0.9761904761904762
1234,0.9166666666666666
1235,0.868421052631579
1236,0.975
1237,0.5
1238,0.95
1240,0.6111111111111112
1241,0.41025641025641024
1242,0.85
1243,1.0
1244,0.5128205128205128
1246,0.7297297297297297
1249,0.7317073170731707
1250,0.9714285714285714
1251,0.4722222222222222
1252,0.7837837837837838
1253,0.9545454545454546
1254,0.8181818181818182
1256,0.7027027027027027
1257,0.6976744186046512
1258,1.0
1259,0.8285714285714286
1260,0.9487179487179487
1261,1.0
1262,0.8648648648648649
1264,0.9166666666666666
1265,0.8333333333333334
1266,0.4146341463414634
1267,0.8918918918918919
1268,0.9512195121951219
1269,0.8837209302325582
1270,0.9761904761904762
1271,1.0
1272,0.6216216216216216
1273,1.0
1274,0.9302325581395349
1275,0.6842105263157895
1276,0.40476190476190477
1277,0.6428571428571429
1278,0.7804878048780488
1279,0.7631578947368421
1280,0.3157894736842105
1281,0.7027027027027027
1282,0.9230769230769231
1284,0.8536585365853658
1285,0.925
1286,0.7317073170731707
1287,0.7435897435897436
1288,0.631578947368421
1289,0.7692307692307693
1290,0.5777777777777777
1291,1.0
1292,0.6341463414634146
1293,1.0
1294,1.0
1295,0.4418604651162791
1296,0.9761904761904762
1297,0.8780487804878049
1298,0.7435897435897436
1299,0.8974358974358975
1300,0.7857142857142857
1301,0.55
1302,0.9285714285714286
1303,1.0
1304,0.9117647058823529
1305,0.9473684210526315
1306,0.7837837837837838
1308,0.6976744186046512
1309,0.9743589743589743
1310,0.7619047619047619
1311,0.9736842105263158
1312,0.6097560975609756
1313,0.975
1314,0.9487179487179487
1315,0.926829268292683
1316,0.7631578947368421
1317,0.975
1319,0.9736842105263158
1320,0.975
1321,0.8095238095238095
1322,0.975609756097561
1323,0.9767441860465116
1324,0.926829268292683
1325,0.9534883720930233
1326,0.39473684210526316
1327,0.9545454545454546
1328,1.0
1329,0.7105263157894737
1330,1.0
1331,0.9534883720930233
1333,0.9523809523809523
1334,0.42857142857142855
1335,0.9523809523809523
1336,1.0
1337,0.6666666666666666
1338,0.8095238095238095
1339,0.8378378378378378
1340,0.7297297297297297
1341,0.8157894736842105
1343,0.9743589743589743
1344,0.9761904761904762
1345,0.9512195121951219
1346,0.9459459459459459
1347,0.9166666666666666
1348,0.9736842105263158
1349,1.0
1350,0.9743589743589743
1351,0.975609756097561
1352,0.9777777777777777
1353,1.0
1355,0.975
1356,0.5116279069767442
1357,0.3333333333333333
1358,0.9761904761904762
1392,0.25
1393,0.85
1394,0.9761904761904762
1395,1.0
1396,0.8780487804878049
1397,0.7105263157894737
1398,0.7560975609756098
1399,0.875
1400,0.8809523809523809
1401,0.9512195121951219
1402,0.3076923076923077
1403,0.9761904761904762
1404,0.7027027027027027
1405,1.0
1406,0.9767441860465116
1407,1.0
1408,0.8780487804878049
1409,0.23076923076923078
1410,1.0
1411,0.9487179487179487
1412,1.0
1413,0.7317073170731707
1414,0.7
1415,0.9302325581395349
1416,0.6097560975609756
1417,0.9767441860465116
1419,0.9523809523809523
1420,1.0
1421,0.9574468085106383
1422,0.75
1423,0.8095238095238095
1425,0.45
1426,0.9523809523809523
1427,0.8536585365853658
1428,0.9772727272727273
1429,0.7906976744186046
1430,0.8809523809523809
1431,0.868421052631579
1438,0.75
1439,0.9302325581395349
1440,0.8780487804878049
1443,0.8333333333333334
1444,0.9302325581395349
1445,0.875
1446,0.7906976744186046
1447,0.8809523809523809
1448,0.8863636363636364
1449,0.13636363636363635
1453,0.7727272727272727
1454,0.972972972972973
1456,0.9512195121951219
1457,0.926829268292683
1459,0.925
1461,0.8947368421052632
1463,0.9767441860465116
1464,0.8421052631578947
1465,0.8863636363636364
1467,0.926829268292683
1468,0.7714285714285715
1472,0.8536585365853658
1473,0.9473684210526315
1474,0.75
1475,0.9743589743589743
1477,0.9743589743589743
1478,0.6388888888888888
1480,0.9024390243902439
1481,0.8333333333333334
1483,0.8205128205128205
1484,0.8095238095238095
1486,1.0
1488,0.813953488372093
1489,0.9736842105263158
1490,0.9130434782608695
1491,0.85
1492,0.8648648648648649
1493,0.8918918918918919
1494,0.8205128205128205
1495,0.975
1496,0.7837837837837838
1500,0.8421052631578947
1501,0.6222222222222222
1504,0.5714285714285714
1506,0.7894736842105263
1507,0.8
1508,0.8421052631578947
1509,0.8888888888888888
1510,0.8571428571428571
1511,0.8809523809523809
1512,0.8837209302325582
1518,0.7027027027027027
1519,0.8780487804878049
1520,0.875
1521,0.8636363636363636
1522,0.7631578947368421
1523,0.8809523809523809
1525,1.0
1526,0.9743589743589743
1527,1.0
1528,0.6666666666666666
1529,1.0
1530,0.9534883720930233
1532,0.7222222222222222
1533,0.7352941176470589
1534,0.8108108108108109
1535,0.8095238095238095
1536,0.7804878048780488
1537,1.0
1539,0.9523809523809523
1540,0.9534883720930233
1541,1.0
1542,0.07692307692307693
1543,0.9534883720930233
1544,0.4878048780487805
1545,0.8536585365853658
1546,0.926829268292683
1547,0.8888888888888888
1548,0.975609756097561
1549,0.8461538461538461
1550,0.4186046511627907
1551,0.9743589743589743
1552,1.0
1553,0.925
1554,0.6111111111111112
1555,0.7894736842105263
1556,0.7105263157894737
1557,0.775
1558,0.45
1559,1.0
1560,1.0
1561,0.9761904761904762
1562,0.6666666666666666
1563,0.875
1564,0.8048780487804879
1565,0.4772727272727273
1566,0.8
1567,0.9722222222222222
1568,0.7857142857142857
1569,0.975609756097561
1570,0.5833333333333334
1571,0.43243243243243246
1572,0.7105263157894737
1573,0.40476190476190477
1574,0.55
1575,0.975609756097561
1577,0.675
1578,0.6857142857142857
1579,0.6904761904761905
1580,0.975609756097561
1581,0.8571428571428571
1582,0.6976744186046512
1583,0.7567567567567568
1584,0.9523809523809523
1585,0.8378378378378378
1586,0.9761904761904762
1587,0.7222222222222222
1588,0.8378378378378378
1589,0.7027027027027027
1590,0.8205128205128205
1591,0.375
1592,0.7894736842105263
1593,0.8536585365853658
1594,0.5813953488372093
1595,0.8
1596,0.5476190476190477
1597,0.8974358974358975
1598,1.0
1599,1.0
1600,1.0
1601,0.8181818181818182
1602,0.38095238095238093
1603,0.38636363636363635
1604,0.3902439024390244
1605,0.9761904761904762
1606,0.975609756097561
1607,0.9767441860465116
1608,0.6428571428571429
1609,0.6585365853658537
1610,0.8043478260869565
1611,0.3076923076923077
1612,0.7027027027027027
1613,0.9761904761904762
1614,0.9767441860465116
1615,0.8205128205128205
1616,0.6
1617,0.9555555555555556
1618,0.725
1619,0.6818181818181818
1620,0.9166666666666666
1621,0.4444444444444444
1622,0.9743589743589743
1623,0.675
1624,0.3333333333333333
1625,0.4594594594594595
1626,0.9761904761904762
1627,0.825
1628,0.7435897435897436
1629,0.717948717948718
1630,0.4358974358974359
1631,0.8095238095238095
1632,0.9722222222222222
1633,0.7906976744186046
1634,0.7674418604651163
1635,0.9512195121951219
1636,0.7948717948717948
1637,0.9166666666666666
1638,0.7894736842105263
1639,1.0
1640,0.9736842105263158
1641,0.8611111111111112
1642,0.7631578947368421
1643,0.9736842105263158
1644,0.5277777777777778
1645,0.85
1646,0.9444444444444444
1647,0.8918918918918919
1648,0.972972972972973
1649,0.6976744186046512
1650,0.631578947368421
1651,0.7894736842105263
1652,0.5675675675675675
1653,0.6153846153846154
1654,0.6190476190476191
1655,0.6153846153846154
1656,0.6923076923076923
1657,0.9473684210526315
1658,0.9736842105263158
1659,0.5476190476190477
1660,0.9459459459459459
1661,0.6923076923076923
1662,0.4146341463414634
1663,0.6923076923076923
1664,0.8292682926829268
1665,1.0
1666,0.9714285714285714
1667,0.8837209302325582
1668,0.9512195121951219
1669,0.9714285714285714
1670,0.7857142857142857
1671,0.8048780487804879
1672,0.9459459459459459
1673,0.925
1674,0.9767441860465116
1675,0.40540540540540543
1676,0.972972972972973
1678,0.975609756097561
1679,0.925
1680,1.0
1681,1.0
1682,0.8372093023255814
1683,0.6744186046511628
1685,0.9523809523809523
1686,0.6170212765957447
1687,0.675
1688,0.631578947368421
1689,0.972972972972973
1690,0.8571428571428571
1691,0.9761904761904762
1692,0.9166666666666666
1693,0.5238095238095238
1694,0.4883720930232558
1696,0.5
1697,0.6571428571428571
1698,0.6756756756756757
1699,0.4857142857142857
1700,0.975609756097561
1701,0.8780487804878049
1702,0.7894736842105263
1703,0.6976744186046512
1704,0.8636363636363636
1705,0.5
1706,0.7027027027027027
1707,1.0
1708,0.75
1709,0.6410256410256411
1710,0.6585365853658537
1711,0.9142857142857143
1712,0.4418604651162791
1714,0.9743589743589743
1715,0.6486486486486487
1717,0.9302325581395349
1718,0.9767441860465116
1719,0.7380952380952381
1722,1.0
1724,0.975
1725,0.9722222222222222
1726,1.0
1727,0.9777777777777777
1728,0.5681818181818182
1730,0.7692307692307693
1731,0.5121951219512195
1732,0.9777777777777777
1733,0.6511627906976745
1737,0.9512195121951219
1738,0.9772727272727273
1739,1.0
1740,0.15384615384615385
1741,0.9736842105263158
1742,0.4864864864864865
1743,0.975609756097561
1744,0.975
1745,0.475
1746,1.0
1747,0.9743589743589743
1749,0.9714285714285714
1750,0.9767441860465116
1751,1.0
1752,0.43902439024390244
1753,1.0
1754,1.0
1755,0.975609756097561
1756,0.9767441860465116
1757,0.9743589743589743
1758,1.0
1759,0.7105263157894737
1760,0.975
1761,1.0
1762,0.9772727272727273
1764,0.9767441860465116
1765,0.9523809523809523
1766,0.8292682926829268
1768,1.0
1769,0.8571428571428571
1770,0.7560975609756098
1771,0.9024390243902439
1773,0.9772727272727273
1774,0.5789473684210527
1775,0.7380952380952381
1776,0.8461538461538461
1777,0.7777777777777778
1778,0.6818181818181818
1780,1.0
1781,0.6956521739130435
1782,0.7906976744186046
1783,0.918918918918919
1784,0.9714285714285714
1785,0.8048780487804879
1786,0.9722222222222222
1787,0.4358974358974359
1788,0.7272727272727273
1845,0.975609756097561
1846,0.1590909090909091
1848,0.3333333333333333
1849,0.9772727272727273
1850,0.868421052631579
1851,1.0
1852,0.7027027027027027
1853,0.4634146341463415
1854,0.972972972972973
1855,0.9761904761904762
1856,0.8666666666666667
1857,0.9142857142857143
1858,0.9736842105263158
1859,0.8974358974358975
1860,0.9743589743589743
1861,0.7
1862,0.7894736842105263
1863,1.0
1864,0.975
1865,0.9761904761904762
1868,0.38461538461538464
1869,0.5681818181818182
1870,0.975
1871,0.918918918918919
1872,0.9767441860465116
1873,0.6842105263157895
1874,0.9512195121951219
1875,0.926829268292683
1876,0.9230769230769231
1877,0.9736842105263158
1878,1.0
1879,0.9210526315789473
1880,0.6585365853658537
1881,1.0
1883,0.9523809523809523
1884,0.975
1885,0.7105263157894737
1886,0.5365853658536586
1887,0.9777777777777777
1888,0.6578947368421053
1889,0.8809523809523809
1890,0.975
1891,0.9767441860465116
1892,0.975609756097561
1893,0.9743589743589743
1894,0.9512195121951219
1895,0.975
1896,0.9736842105263158
1897,0.9767441860465116
1898,0.5609756097560976
1899,0.75
1900,0.7674418604651163
1901,0.7027027027027027
1902,0.95
1903,0.2558139534883721
1904,1.0
1905,0.9743589743589743
1906,0.868421052631579
1907,0.9787234042553191
1908,1.0
1909,0.9743589743589743
1910,0.9736842105263158
1912,0.6666666666666666
1915,0.975
1916,1.0
1917,0.2777777777777778
1918,1.0
1919,0.925
1920,0.325
1921,0.9777777777777777
1922,0.425
1923,0.7674418604651163
1924,0.9767441860465116
1925,1.0
1926,0.9736842105263158
1927,0.9772727272727273
1928,0.9767441860465116
1929,0.975
1930,0.7567567567567568
1931,0.43902439024390244
1932,0.9767441860465116
1933,0.9787234042553191
1934,0.7948717948717948
1935,1.0
1936,0.717948717948718
1937,0.6486486486486487
1938,1.0
1939,0.7714285714285715
1940,0.972972972972973
1941,0.45
1942,0.975
1943,0.975
1944,0.55
1945,0.9777777777777777
1947,0.6756756756756757
1948,0.7837837837837838
1949,0.9761904761904762
1950,0.225
1951,0.7045454545454546
1952,1.0
1954,0.6818181818181818
1955,0.7441860465116279
1956,0.8863636363636364
1957,0.8378378378378378
1958,0.6923076923076923
1959,0.7435897435897436
1960,0.8461538461538461
1961,0.925
1962,0.926829268292683
1963,0.95
1965,0.5454545454545454
1966,0.5
1967,0.7560975609756098
1968,0.8484848484848485
1969,0.8292682926829268
1970,0.9090909090909091
1971,0.8837209302325582
1972,0.5238095238095238
1973,0.75
1974,1.0
1975,0.8823529411764706
1976,0.7777777777777778
1977,0.9772727272727273
1978,0.8974358974358975
1979,0.9285714285714286
1980,0.7692307692307693
1981,0.36363636363636365
1982,0.7105263157894737
1983,0.6585365853658537
1984,0.7714285714285715
1985,0.7692307692307693
1986,1.0
1987,0.4878048780487805
1988,0.8636363636363636
1989,0.8636363636363636
1990,1.0
1991,0.7567567567567568
1992,0.825
1993,1.0
1994,0.8809523809523809
1995,0.7692307692307693
1996,0.7894736842105263
1997,0.7894736842105263
1999,0.972972972972973
2000,0.9772727272727273
2001,0.75
2002,0.6511627906976745
2004,1.0
2005,1.0
2006,1.0
2007,1.0
2008,0.8157894736842105
2009,0.75
2010,0.9302325581395349
2011,0.3333333333333333
2012,0.8787878787878788
2015,0.8285714285714286
2017,0.631578947368421
2018,0.6585365853658537
2019,0.627906976744186
2021,0.3611111111111111
2022,0.9428571428571428
2023,0.975
2024,0.925
2025,0.675
2027,0.7837837837837838
2028,0.75
2030,0.38461538461538464
2031,0.8181818181818182
2032,0.9743589743589743
2033,1.0
2034,0.5641025641025641
2035,0.925
2036,0.717948717948718
2037,0.9777777777777777
2039,0.85
2040,0.6444444444444445
2041,0.9230769230769231
2042,0.8604651162790697
2043,0.8
2044,1.0
2045,0.9534883720930233
2046,0.4318181818181818
2047,0.9393939393939394
2048,0.8461538461538461
2049,0.9743589743589743
2050,1.0
2051,0.7948717948717948
2052,0.28205128205128205
2053,0.7
2054,0.9512195121951219
2055,0.926829268292683
2056,1.0
2057,0.9512195121951219
2058,0.975
2059,0.8157894736842105
2060,0.6410256410256411
2061,0.9743589743589743
2062,0.65
2063,0.9655172413793104
2064,0.6875
2065,0.9047619047619048
2066,0.6904761904761905
2067,0.9772727272727273
2068,0.7631578947368421
2069,0.358974358974359
2070,0.22727272727272727
2072,1.0
2073,0.9714285714285714
2074,0.3783783783783784
2075,0.4222222222222222
2076,0.6190476190476191
2077,0.2972972972972973
2078,0.9736842105263158
2079,0.975609756097561
2080,0.7631578947368421
2081,0.9761904761904762
2082,0.9761904761904762
2085,0.9722222222222222
2087,1.0
2088,0.975609756097561
2089,0.975609756097561
2090,0.972972972972973
2091,0.9743589743589743
2093,0.9736842105263158
2094,0.975
2095,0.972972972972973
2096,0.9722222222222222
2098,0.975
2100,0.7948717948717948
2101,1.0
2105,0.7272727272727273
2108,0.9069767441860465
2109,0.23529411764705882
2110,0.2702702702702703
2111,0.8
2112,0.7631578947368421
2113,0.675
2114,0.775
2116,0.975
2117,0.5
2118,0.7209302325581395
2119,0.9782608695652174
2120,0.6585365853658537
2121,0.8
2122,0.7045454545454546
2124,0.925
2125,1.0
2126,0.7894736842105263
2127,0.9555555555555556
2128,0.813953488372093
2129,0.6511627906976745
2130,0.35
2131,0.6585365853658537
2132,0.37209302325581395
2133,0.4411764705882353
2134,0.5384615384615384
2136,0.6666666666666666
2137,0.6666666666666666
2138,0.9761904761904762
2139,0.7027027027027027
2140,0.918918918918919
2142,0.5526315789473685
2143,0.9166666666666666
2144,0.95
2145,0.8205128205128205
2146,0.8604651162790697
2148,0.6578947368421053
2149,0.6590909090909091
2150,0.6829268292682927
2151,0.5641025641025641
2152,0.9767441860465116
2153,0.8157894736842105
2154,0.6363636363636364
2155,0.4418604651162791
2156,1.0
2157,0.3888888888888889
2158,0.8108108108108109
2159,0.9318181818181818
2160,0.95
2161,0.9428571428571428
2162,0.9761904761904762
2163,0.8717948717948718
2164,0.9512195121951219
2165,0.9736842105263158
2167,0.9166666666666666
2168,0.8913043478260869
2169,1.0
2171,0.8108108108108109
2172,0.8108108108108109
2173,0.14285714285714285
2174,0.7674418604651163
2175,0.717948717948718
2176,0.9302325581395349
2177,0.925
2178,0.4444444444444444
2179,0.7857142857142857
2180,0.8
2181,0.7804878048780488
2182,0.825
2183,0.7105263157894737
2184,0.85
2185,0.8857142857142857
2186,0.925
2187,0.5365853658536586
2188,0.9767441860465116
2189,0.6666666666666666
2190,0.7567567567567568
2191,0.45454545454545453
2192,1.0
2193,0.9512195121951219
2194,0.3902439024390244
2195,0.6666666666666666
2196,0.9047619047619048
2197,0.9473684210526315
2198,0.9512195121951219
2199,0.8048780487804879
2200,0.575
2201,0.625
2202,0.40476190476190477
2203,0.6341463414634146
2204,0.5238095238095238
2205,0.675
2206,0.3333333333333333
2207,0.95
2208,0.725
2210,0.9767441860465116
2211,0.5277777777777778
2212,0.7777777777777778
2213,0.6842105263157895
2215,0.6046511627906976
2216,0.7222222222222222
2217,0.8536585365853658
2218,0.8157894736842105
2219,0.8888888888888888
2220,0.8571428571428571
2221,0.8461538461538461
2222,0.8372093023255814
2223,0.9210526315789473
2224,0.325
2225,0.8837209302325582
2226,0.8333333333333334
2227,0.8461538461538461
2228,0.8857142857142857
2229,0.8717948717948718
2230,0.8857142857142857
2231,0.5
2232,0.875
2233,0.9069767441860465
2234,0.8285714285714286
2235,0.8857142857142857
2236,0.8333333333333334
2237,0.825
2238,0.8
2241,0.8947368421052632
2242,0.8536585365853658
2243,0.9512195121951219
2244,0.9534883720930233
2245,0.8333333333333334
2248,0.9024390243902439
2249,0.9767441860465116
2250,0.9473684210526315
2251,1.0
2252,0.918918918918919
2253,0.7948717948717948
2254,0.975609756097561
2255,1.0
2256,0.9743589743589743
2257,0.9767441860465116
2258,0.9736842105263158
2259,0.9743589743589743
2260,0.975609756097561
2262,0.975
2264,0.75
2265,0.9761904761904762
2266,0.9772727272727273
2267,0.9534883720930233
2268,0.975609756097561
2269,0.7941176470588235
2270,0.9772727272727273
2271,1.0
2272,0.5581395348837209
2274,0.9743589743589743
2275,1.0
2276,0.7142857142857143
2278,0.7857142857142857
2279,1.0
2280,0.9743589743589743
2281,1.0
2282,1.0
2286,0.7941176470588235
2287,0.6842105263157895
2288,0.975609756097561
2289,0.9166666666666666
2292,0.8421052631578947
2293,0.7804878048780488
2294,0.9210526315789473
2295,0.4411764705882353
2296,0.725
2297,0.7692307692307693
2298,0.6829268292682927
2299,0.825
2300,0.8
2301,0.6410256410256411
2302,0.5789473684210527
2303,0.4411764705882353
2304,0.9047619047619048
2305,0.925
2307,0.9
2308,0.9117647058823529
2309,0.9777777777777777
2310,0.7692307692307693
2311,0.8780487804878049
2312,1.0
2314,0.7560975609756098
2315,0.9487179487179487
2316,0.7560975609756098
2317,1.0
2318,0.8780487804878049
2320,1.0
2321,0.5128205128205128
2322,0.75
2323,0.9777777777777777
2324,1.0
2325,1.0
2326,0.926829268292683
2327,0.8837209302325582
2328,0.9736842105263158
2329,0.9555555555555556
2330,0.5789473684210527
2332,0.625
2333,0.325
2334,0.8409090909090909
2335,0.9069767441860465
2336,0.9230769230769231
2337,0.9069767441860465
2338,0.7894736842105263
2339,0.6428571428571429
2340,0.5238095238095238
2341,0.775
2342,0.6052631578947368
2343,0.5909090909090909
2344,0.9230769230769231
2345,0.975
2348,0.9090909090909091
2349,0.9210526315789473
2351,1.0
2352,1.0
2353,1.0
2354,1.0
2355,1.0
2356,1.0
2357,1.0
2358,1.0
2359,1.0
2360,1.0
2361,1.0
2362,0.6136363636363636
2363,1.0
2364,1.0
2365,1.0
2366,1.0
2367,1.0
2368,1.0
2369,1.0
2370,0.9523809523809523
2371,1.0
2372,1.0
2373,1.0
2374,1.0
2375,1.0
2376,1.0
2377,1.0
2378,1.0
2379,1.0
2380,1.0
2381,1.0
2382,1.0
2383,1.0
2384,1.0
2385,1.0
2386,1.0
2387,1.0
2388,1.0
2389,1.0
2390,1.0
2391,0.8780487804878049
2392,1.0
2393,0.8285714285714286
2395,0.925
2398,1.0
2399,1.0
2400,1.0
2401,1.0
2402,1.0
2403,1.0
2404,1.0
2405,1.0
2406,1.0
2407,1.0
2408,1.0
2409,1.0
2410,0.7692307692307693
2411,0.23684210526315788
2412,0.7428571428571429
2416,0.5813953488372093
2422,0.5897435897435898
2423,1.0
2424,1.0
2425,1.0
2426,1.0
2427,1.0
2428,1.0
2429,1.0
2430,1.0
2431,1.0
2432,1.0
2433,1.0
2434,1.0
2435,1.0
2436,1.0
2437,0.8648648648648649
2439,1.0
2440,1.0
2441,1.0
2442,1.0
2443,1.0
2444,0.9761904761904762
2445,0.9767441860465116
2446,0.9210526315789473
2447,1.0
2449,1.0
2450,1.0
2451,1.0
2452,1.0
2453,1.0
2454,1.0
2455,1.0
2456,1.0
2457,1.0
2458,1.0
2459,1.0
2460,1.0
2461,1.0
2462,0.9487179487179487
2463,1.0
2464,1.0
2465,0.8837209302325582
2466,1.0
2467,1.0
2468,1.0
2469,0.9523809523809523
2470,1.0
2471,1.0
2472,0.9487179487179487
2473,1.0
2474,1.0
2475,1.0
2476,0.8648648648648649
2477,1.0
2478,0.9069767441860465
2479,0.8809523809523809
2480,0.9047619047619048
2481,0.9722222222222222
2482,0.8936170212765957
2483,1.0
2484,0.9069767441860465
2485,0.8857142857142857
2486,0.8571428571428571
2487,1.0
2488,0.8947368421052632
2489,0.8918918918918919
2490,1.0
2491,0.95
2492,1.0
2493,1.0
2494,0.8837209302325582
2495,0.9285714285714286
2496,0.9772727272727273
2497,0.95
2498,0.9787234042553191
2499,0.8837209302325582
2500,1.0
2501,1.0
2502,0.9512195121951219
2503,0.8918918918918919
2504,0.8333333333333334
2505,0.8648648648648649
2506,0.8837209302325582
2507,0.9130434782608695
2508,0.9111111111111111
2509,0.9230769230769231
2510,0.926829268292683
2511,1.0
2512,1.0
2513,1.0
2514,0.9722222222222222
2515,1.0
2516,0.9772727272727273
2517,0.8809523809523809
2518,0.8888888888888888
2519,0.9230769230769231
2520,1.0
2521,0.8947368421052632
2522,1.0
2523,1.0
2524,1.0
2525,1.0
2526,1.0
2527,0.9459459459459459
2528,1.0
2529,0.9347826086956522
2530,1.0
2531,1.0
2532,0.8863636363636364
2533,0.8913043478260869
2534,1.0
2535,0.8974358974358975
2536,0.8913043478260869
2537,0.9166666666666666
2538,0.972972972972973
2539,0.868421052631579
2540,0.9473684210526315
2541,0.8809523809523809
2542,0.875
2543,0.8717948717948718
2544,0.8780487804878049
2545,0.8809523809523809
2546,1.0
2547,0.875
2548,1.0
2549,0.9
2550,0.9772727272727273
2551,1.0
2552,0.9473684210526315
2553,0.9117647058823529
2554,0.9743589743589743
2555,0.96875
2556,1.0
2557,0.8974358974358975
2558,0.8863636363636364
2559,0.9024390243902439
2560,1.0
2561,0.975
2562,0.9047619047619048
2563,0.9024390243902439
2564,0.9047619047619048
2565,1.0
2566,0.975609756097561
2567,0.926829268292683
2568,1.0
2569,1.0
2570,1.0
2571,0.9210526315789473
2572,1.0
2573,0.926829268292683
2574,0.9024390243902439
2575,1.0
2576,0.9743589743589743
2577,0.9024390243902439
2578,0.95
2579,0.9512195121951219
2580,1.0
2581,1.0
2582,1.0
2583,1.0
2584,1.0
2585,1.0
2586,0.9523809523809523
2587,0.868421052631579
2588,0.868421052631579
2589,1.0
2590,0.918918918918919
2591,0.8947368421052632
2592,0.9069767441860465
2593,1.0
2595,0.975609756097561
2596,0.8571428571428571
2597,0.7631578947368421
2598,0.975
2599,1.0
2600,0.8809523809523809
2601,0.7619047619047619
2602,0.8780487804878049
2604,0.8974358974358975
2605,0.9761904761904762
2606,0.7948717948717948
2607,0.9772727272727273
2618,0.775
2619,0.9302325581395349
2620,0.972972972972973
2621,0.9512195121951219
2644,0.8333333333333334
2646,0.5609756097560976
2647,1.0
2648,0.8205128205128205
2649,0.8604651162790697
2651,0.9047619047619048
2652,0.8048780487804879
2710,0.9302325581395349
2808,0.8205128205128205
2809,0.85
2813,0.9736842105263158
2814,0.8611111111111112
2872,0.8666666666666667
2876,1.0
2879,0.8292682926829268
2880,0.7857142857142857
2881,0.926829268292683
2882,0.8604651162790697
2883,0.9347826086956522
2884,0.8918918918918919
2885,0.7435897435897436
2886,0.6666666666666666
2887,1.0
3005,0.9428571428571428
3007,0.4523809523809524
3009,1.0
3011,0.918918918918919
3012,0.5853658536585366
3013,0.7142857142857143
