,structure,comovement,leadlag,geography,multiplex
share_Продовольствие,0.84,0.755,0.622,0.687,0.689
share_Здоровье,0.766,0.427,0.311,0.626,0.426
share_Маркетплейсы,0.772,0.59,0.242,0.725,0.483
share_Общественное питание,0.922,0.859,0.695,0.709,0.764
share_Транспорт,0.813,0.519,0.394,0.491,0.454
share_Прочее,0.86,0.629,0.422,0.655,0.549
level_total,0.946,0.803,0.624,0.796,0.728
growth_rel,0.785,0.654,0.835,0.288,0.637
summer_peak,0.814,0.613,0.724,0.64,0.656
dec_peak,0.778,0.341,0.51,0.409,0.419
volatility,0.763,0.406,0.273,0.371,0.335
mp_shift,0.799,0.687,0.368,0.39,0.503
