степень,метод,сценарий,mean,std
5,"KEFRiN cos, ξ = 1",complement,0.24,0.02
5,"KEFRiN cos, ξ = 1",features,0.54,0.03
5,"KEFRiN cos, ξ = 1",network,0.0,0.01
5,"KEFRiN cos, ξ = 1",weak,0.11,0.05
5,"KEFRiN cos, ξ = 16",complement,0.29,0.08
5,"KEFRiN cos, ξ = 16",features,0.11,0.04
5,"KEFRiN cos, ξ = 16",network,0.22,0.1
5,"KEFRiN cos, ξ = 16",weak,0.05,0.03
5,"KEFRiN евкл., выравнивание, ξ×1",complement,0.46,0.02
5,"KEFRiN евкл., выравнивание, ξ×1",features,0.85,0.03
5,"KEFRiN евкл., выравнивание, ξ×1",network,0.0,0.01
5,"KEFRiN евкл., выравнивание, ξ×1",weak,0.13,0.03
5,"KEFRiN евкл., выравнивание, ξ×4",complement,0.36,0.25
5,"KEFRiN евкл., выравнивание, ξ×4",features,0.74,0.18
5,"KEFRiN евкл., выравнивание, ξ×4",network,0.01,0.01
5,"KEFRiN евкл., выравнивание, ξ×4",weak,0.12,0.04
5,"KEFRiN исходный (евкл., ρ = ξ = 1)",complement,0.46,0.02
5,"KEFRiN исходный (евкл., ρ = ξ = 1)",features,0.86,0.03
5,"KEFRiN исходный (евкл., ρ = ξ = 1)",network,0.0,0.0
5,"KEFRiN исходный (евкл., ρ = ξ = 1)",weak,0.13,0.02
5,Leiden (сеть),complement,0.15,0.04
5,Leiden (сеть),features,0.0,0.0
5,Leiden (сеть),network,0.3,0.11
5,Leiden (сеть),weak,0.02,0.01
5,k-means (признаки),complement,0.46,0.02
5,k-means (признаки),features,0.86,0.04
5,k-means (признаки),network,0.0,0.0
5,k-means (признаки),weak,0.13,0.03
10,"KEFRiN cos, ξ = 1",complement,0.25,0.01
10,"KEFRiN cos, ξ = 1",features,0.54,0.04
10,"KEFRiN cos, ξ = 1",network,0.02,0.01
10,"KEFRiN cos, ξ = 1",weak,0.13,0.04
10,"KEFRiN cos, ξ = 16",complement,0.46,0.09
10,"KEFRiN cos, ξ = 16",features,0.03,0.03
10,"KEFRiN cos, ξ = 16",network,0.93,0.04
10,"KEFRiN cos, ξ = 16",weak,0.08,0.05
10,"KEFRiN евкл., выравнивание, ξ×1",complement,0.46,0.02
10,"KEFRiN евкл., выравнивание, ξ×1",features,0.86,0.04
10,"KEFRiN евкл., выравнивание, ξ×1",network,0.0,0.01
10,"KEFRiN евкл., выравнивание, ξ×1",weak,0.14,0.04
10,"KEFRiN евкл., выравнивание, ξ×4",complement,0.9,0.13
10,"KEFRiN евкл., выравнивание, ξ×4",features,0.84,0.04
10,"KEFRiN евкл., выравнивание, ξ×4",network,0.01,0.02
10,"KEFRiN евкл., выравнивание, ξ×4",weak,0.15,0.04
10,"KEFRiN исходный (евкл., ρ = ξ = 1)",complement,0.46,0.02
10,"KEFRiN исходный (евкл., ρ = ξ = 1)",features,0.85,0.03
10,"KEFRiN исходный (евкл., ρ = ξ = 1)",network,0.0,0.01
10,"KEFRiN исходный (евкл., ρ = ξ = 1)",weak,0.14,0.03
10,Leiden (сеть),complement,0.46,0.06
10,Leiden (сеть),features,-0.0,0.0
10,Leiden (сеть),network,0.98,0.01
10,Leiden (сеть),weak,0.05,0.02
10,k-means (признаки),complement,0.46,0.02
10,k-means (признаки),features,0.86,0.04
10,k-means (признаки),network,0.0,0.0
10,k-means (признаки),weak,0.13,0.03
20,"KEFRiN cos, ξ = 1",complement,0.32,0.04
20,"KEFRiN cos, ξ = 1",features,0.54,0.04
20,"KEFRiN cos, ξ = 1",network,0.05,0.04
20,"KEFRiN cos, ξ = 1",weak,0.16,0.04
20,"KEFRiN cos, ξ = 16",complement,0.75,0.09
20,"KEFRiN cos, ξ = 16",features,0.06,0.03
20,"KEFRiN cos, ξ = 16",network,1.0,0.0
20,"KEFRiN cos, ξ = 16",weak,0.53,0.15
20,"KEFRiN евкл., выравнивание, ξ×1",complement,0.85,0.21
20,"KEFRiN евкл., выравнивание, ξ×1",features,0.86,0.04
20,"KEFRiN евкл., выравнивание, ξ×1",network,0.0,0.0
20,"KEFRiN евкл., выравнивание, ξ×1",weak,0.14,0.04
20,"KEFRiN евкл., выравнивание, ξ×4",complement,0.98,0.02
20,"KEFRiN евкл., выравнивание, ξ×4",features,0.84,0.03
20,"KEFRiN евкл., выравнивание, ξ×4",network,0.83,0.29
20,"KEFRiN евкл., выравнивание, ξ×4",weak,0.18,0.05
20,"KEFRiN исходный (евкл., ρ = ξ = 1)",complement,0.96,0.02
20,"KEFRiN исходный (евкл., ρ = ξ = 1)",features,0.86,0.04
20,"KEFRiN исходный (евкл., ρ = ξ = 1)",network,0.12,0.17
20,"KEFRiN исходный (евкл., ρ = ξ = 1)",weak,0.17,0.05
20,Leiden (сеть),complement,0.67,0.05
20,Leiden (сеть),features,0.0,0.01
20,Leiden (сеть),network,1.0,0.0
20,Leiden (сеть),weak,0.25,0.09
20,k-means (признаки),complement,0.46,0.02
20,k-means (признаки),features,0.86,0.04
20,k-means (признаки),network,0.0,0.0
20,k-means (признаки),weak,0.13,0.03
