группировка,показатель,R² вне выборки (среднее),мин,макс
"KEFRiN, K = 6",log зарплаты,0.627,0.609,0.638
"KEFRiN, K = 6",log работников на жителя,0.294,0.269,0.322
"KEFRiN, K = 6",log фонда оплаты на жителя,0.49,0.464,0.513
"KEFRiN, K = 6",доля старше трудоспособного,0.328,0.306,0.351
"KEFRiN, K = 6",миграционный прирост,0.103,0.099,0.109
"KEFRiN, K = 7",log зарплаты,0.631,0.618,0.647
"KEFRiN, K = 7",log работников на жителя,0.301,0.288,0.308
"KEFRiN, K = 7",log фонда оплаты на жителя,0.498,0.483,0.508
"KEFRiN, K = 7",доля старше трудоспособного,0.311,0.279,0.335
"KEFRiN, K = 7",миграционный прирост,0.115,0.112,0.121
"KEFRiN, K = 8",log зарплаты,0.642,0.638,0.648
"KEFRiN, K = 8",log работников на жителя,0.31,0.299,0.322
"KEFRiN, K = 8",log фонда оплаты на жителя,0.508,0.497,0.521
"KEFRiN, K = 8",доля старше трудоспособного,0.326,0.321,0.328
"KEFRiN, K = 8",миграционный прирост,0.119,0.111,0.132
"k-means, K = 8",log зарплаты,0.627,0.614,0.635
"k-means, K = 8",log работников на жителя,0.297,0.289,0.305
"k-means, K = 8",log фонда оплаты на жителя,0.49,0.481,0.495
"k-means, K = 8",доля старше трудоспособного,0.344,0.336,0.361
"k-means, K = 8",миграционный прирост,0.105,0.091,0.117
вид МО,log зарплаты,0.08,0.073,0.093
вид МО,log работников на жителя,0.051,0.049,0.052
вид МО,log фонда оплаты на жителя,0.076,0.072,0.078
вид МО,доля старше трудоспособного,0.029,0.02,0.045
вид МО,миграционный прирост,0.049,0.046,0.053
доступность рынков (8 групп),log зарплаты,0.205,0.172,0.25
доступность рынков (8 групп),log работников на жителя,0.126,0.119,0.139
доступность рынков (8 групп),log фонда оплаты на жителя,0.187,0.169,0.203
доступность рынков (8 групп),доля старше трудоспособного,0.167,0.137,0.2
доступность рынков (8 групп),миграционный прирост,0.047,0.04,0.055
размер + вид МО,log зарплаты,0.114,0.097,0.126
размер + вид МО,log работников на жителя,0.05,0.044,0.053
размер + вид МО,log фонда оплаты на жителя,0.082,0.071,0.089
размер + вид МО,доля старше трудоспособного,0.11,0.092,0.13
размер + вид МО,миграционный прирост,0.12,0.119,0.121
"размер + вид МО + KEFRiN, K = 8",log зарплаты,0.637,0.632,0.644
"размер + вид МО + KEFRiN, K = 8",log работников на жителя,0.317,0.304,0.329
"размер + вид МО + KEFRiN, K = 8",log фонда оплаты на жителя,0.508,0.494,0.521
"размер + вид МО + KEFRiN, K = 8",доля старше трудоспособного,0.361,0.339,0.373
"размер + вид МО + KEFRiN, K = 8",миграционный прирост,0.143,0.131,0.158
"размер + вид МО + k-means, K = 8",log зарплаты,0.625,0.612,0.635
"размер + вид МО + k-means, K = 8",log работников на жителя,0.311,0.306,0.317
"размер + вид МО + k-means, K = 8",log фонда оплаты на жителя,0.496,0.487,0.501
"размер + вид МО + k-means, K = 8",доля старше трудоспособного,0.379,0.374,0.386
"размер + вид МО + k-means, K = 8",миграционный прирост,0.128,0.119,0.133
размер МО (8 групп),log зарплаты,0.105,0.094,0.112
размер МО (8 групп),log работников на жителя,0.02,0.012,0.024
размер МО (8 групп),log фонда оплаты на жителя,0.055,0.045,0.06
размер МО (8 групп),доля старше трудоспособного,0.123,0.112,0.129
размер МО (8 групп),миграционный прирост,0.121,0.117,0.125
широта (8 групп),log зарплаты,0.147,0.139,0.163
широта (8 групп),log работников на жителя,0.131,0.123,0.14
широта (8 групп),log фонда оплаты на жителя,0.152,0.14,0.167
широта (8 групп),доля старше трудоспособного,0.056,0.031,0.078
широта (8 групп),миграционный прирост,0.003,-0.005,0.007
