вариант,K,тип,МО,Жаккар среднее,Жаккар 10-й проц.
kefrin|multiplex|euclidean|xi1|k6,6,0,667,0.9,0.83
kefrin|multiplex|euclidean|xi1|k6,6,1,562,0.801,0.695
kefrin|multiplex|euclidean|xi1|k6,6,2,422,0.864,0.787
kefrin|multiplex|euclidean|xi1|k6,6,3,181,0.799,0.605
kefrin|multiplex|euclidean|xi1|k6,6,4,94,0.701,0.32
kefrin|multiplex|euclidean|xi1|k6,6,5,90,0.715,0.409
kefrin|multiplex|euclidean|xi1|k7,7,0,648,0.879,0.757
kefrin|multiplex|euclidean|xi1|k7,7,1,560,0.773,0.648
kefrin|multiplex|euclidean|xi1|k7,7,2,365,0.824,0.713
kefrin|multiplex|euclidean|xi1|k7,7,3,167,0.921,0.794
kefrin|multiplex|euclidean|xi1|k7,7,4,141,0.479,0.166
kefrin|multiplex|euclidean|xi1|k7,7,5,94,0.905,0.775
kefrin|multiplex|euclidean|xi1|k7,7,6,41,0.646,0.375
kefrin|multiplex|euclidean|xi1|k8,8,0,527,0.788,0.679
kefrin|multiplex|euclidean|xi1|k8,8,1,439,0.598,0.351
kefrin|multiplex|euclidean|xi1|k8,8,2,366,0.815,0.646
kefrin|multiplex|euclidean|xi1|k8,8,3,270,0.482,0.236
kefrin|multiplex|euclidean|xi1|k8,8,4,164,0.914,0.715
kefrin|multiplex|euclidean|xi1|k8,8,5,111,0.719,0.219
kefrin|multiplex|euclidean|xi1|k8,8,6,99,0.908,0.875
kefrin|multiplex|euclidean|xi1|k8,8,7,40,0.762,0.48
