territory_id,2023Q1,2023Q2,2023Q3,2023Q4,2024Q1,2024Q2,2024Q3,2024Q4
1,2,2,2,2,2,2,2,2
2,3,1,1,1,1,1,1,1
3,1,1,1,1,1,1,1,1
4,0,3,3,3,3,3,3,3
5,0,0,0,0,0,3,3,0
6,3,3,3,2,2,2,2,2
7,2,2,2,2,2,2,2,2
8,2,2,2,2,2,2,2,2
9,0,0,3,0,0,3,3,0
10,2,2,2,2,2,2,2,2
11,3,3,3,3,3,3,3,3
12,3,2,2,2,2,2,2,2
13,3,3,3,3,3,3,3,3
14,3,3,3,3,3,3,3,3
15,3,3,3,3,3,3,3,3
16,3,3,3,3,3,3,3,3
17,3,3,3,3,3,3,3,3
18,3,3,3,3,3,3,3,3
19,0,0,3,3,0,0,3,3
20,3,3,3,3,3,3,3,3
21,2,2,2,2,2,2,2,2
22,1,1,1,1,1,1,1,1
23,3,2,2,2,2,2,2,2
25,2,2,2,2,2,2,2,2
26,2,2,2,2,2,2,2,2
27,2,2,2,2,2,2,2,2
28,2,2,2,2,2,2,2,2
29,2,2,2,2,2,2,2,2
30,3,3,3,3,3,3,3,3
31,3,3,3,3,0,0,0,0
32,3,0,0,0,0,0,0,0
33,0,3,0,0,0,0,0,0
34,0,0,0,0,0,0,0,0
35,3,3,3,3,3,3,3,3
36,0,0,0,0,0,0,0,0
37,0,3,0,0,0,0,0,0
38,2,2,2,2,2,2,2,2
39,3,3,3,3,3,3,3,0
40,3,3,3,2,2,2,2,2
41,0,0,0,0,0,0,0,0
42,3,2,2,2,2,2,2,2
43,3,0,0,0,0,1,0,0
44,2,2,2,2,2,2,2,2
45,3,3,0,0,3,3,0,0
46,3,3,0,0,3,3,0,0
47,0,3,3,3,3,3,0,0
48,3,3,3,0,0,0,0,0
49,3,3,1,1,3,1,1,1
50,3,3,3,3,3,3,3,3
51,3,3,3,3,2,3,3,3
52,0,0,0,0,0,0,0,0
53,3,3,3,3,3,3,3,3
54,0,3,3,3,3,3,3,0
55,3,3,2,2,2,3,2,2
56,0,0,0,0,0,0,0,0
57,2,2,2,2,2,2,2,2
58,3,1,0,1,1,1,0,1
59,3,3,3,3,3,3,0,0
60,3,3,3,3,3,3,3,3
61,3,3,3,3,3,3,3,3
62,3,3,3,3,3,3,3,3
63,3,3,3,0,0,0,0,0
65,3,3,0,1,1,0,1,0
66,2,2,2,2,2,2,2,2
67,3,3,3,3,3,3,3,3
68,0,0,0,0,0,0,0,0
69,0,0,0,0,0,0,0,0
70,1,1,1,1,1,1,1,1
71,3,3,3,3,3,3,3,3
72,0,0,0,0,0,0,0,0
73,2,2,2,2,2,2,2,2
74,0,0,0,0,0,3,3,0
75,2,2,2,2,2,2,2,2
76,2,2,2,2,2,2,2,2
77,2,2,2,2,2,2,2,2
78,0,0,0,0,0,0,0,0
79,3,3,3,3,3,3,3,3
80,3,0,0,0,0,0,0,0
81,3,3,3,2,2,2,2,2
82,3,0,0,0,0,0,0,0
83,3,3,3,3,3,3,3,3
167,2,2,2,2,2,2,2,2
168,0,0,0,0,0,0,0,0
169,1,1,1,1,1,1,1,1
173,0,0,0,0,0,0,0,0
181,0,0,0,0,0,0,0,0
184,0,0,0,0,0,0,1,0
185,0,0,0,0,0,0,0,0
188,0,0,0,0,0,0,1,0
191,3,0,0,0,0,0,0,0
194,2,2,2,2,2,2,2,2
195,0,0,0,1,0,0,1,1
196,3,3,2,2,2,2,2,2
198,0,0,0,0,0,0,0,0
201,0,3,3,3,3,3,3,3
203,1,1,1,1,1,1,1,1
204,0,0,0,0,0,0,1,1
205,0,0,0,0,0,0,0,0
206,5,5,5,5,5,5,5,5
207,5,5,5,5,5,5,5,5
208,5,5,5,5,5,5,5,5
209,3,2,2,2,2,2,2,2
210,5,5,1,1,5,1,1,1
211,5,5,2,1,5,5,1,1
212,2,2,2,2,2,2,2,2
213,5,5,5,5,5,5,5,5
214,5,2,3,1,1,1,1,1
215,3,5,3,3,3,5,2,3
216,3,3,3,1,1,3,1,1
217,5,5,2,5,5,5,5,5
218,2,5,5,5,5,5,5,2
219,1,1,1,1,1,1,1,1
220,3,3,3,3,3,3,3,3
221,5,5,5,5,5,5,5,5
222,2,5,5,5,5,5,5,5
223,1,1,1,1,1,1,1,1
224,5,5,5,5,5,5,5,5
225,5,5,5,5,5,5,5,5
226,5,5,5,5,5,5,5,5
227,5,5,5,5,5,5,5,5
228,5,5,5,5,5,5,5,5
229,5,5,5,5,5,5,5,5
230,3,3,3,3,3,3,3,3
231,2,1,3,1,1,1,1,1
232,3,3,3,3,0,3,3,3
233,1,1,1,1,1,1,1,1
234,5,5,5,5,5,5,5,5
235,3,3,3,1,1,1,3,1
236,5,5,5,5,5,5,5,5
237,3,2,5,2,2,2,2,3
238,3,1,3,1,1,1,1,1
239,1,1,1,1,1,1,1,1
240,3,3,3,3,1,1,3,1
241,1,1,1,1,1,1,1,1
242,3,3,3,3,3,1,3,1
243,3,3,3,3,3,3,3,3
269,2,2,2,2,2,2,2,2
270,1,1,1,1,1,1,1,1
271,1,1,1,1,1,1,1,1
272,3,3,3,3,3,3,3,3
273,0,0,0,0,0,0,0,0
274,1,1,1,1,1,1,1,1
275,0,0,0,0,0,3,0,0
276,1,1,1,0,1,0,0,0
277,0,0,0,0,0,0,0,0
278,2,2,2,2,2,2,2,2
279,0,0,0,1,1,1,0,0
280,1,1,0,0,0,1,0,1
281,3,0,1,0,1,1,0,1
282,0,0,0,0,0,0,0,0
283,3,3,1,1,1,1,1,1
284,1,1,1,1,1,1,1,1
285,0,0,0,0,0,0,0,0
287,0,0,0,0,0,0,0,0
288,0,0,0,0,0,0,0,0
289,0,0,0,0,0,0,0,0
290,0,0,0,0,0,0,0,0
292,0,0,0,0,0,0,0,0
293,0,0,0,0,0,0,0,0
294,0,0,0,0,0,0,0,0
295,0,0,0,0,0,0,0,0
296,0,0,0,0,0,0,0,0
297,0,0,0,0,0,0,0,0
298,1,1,0,0,0,1,1,0
300,0,0,0,0,0,0,0,0
301,3,3,3,3,3,3,3,3
302,0,0,0,0,0,0,0,0
303,1,1,1,1,1,1,1,1
304,0,0,0,0,0,0,0,0
305,0,0,0,0,0,0,0,0
306,0,0,0,0,0,0,0,0
307,0,0,0,0,0,0,0,0
308,1,1,1,1,1,1,1,1
309,7,7,7,7,7,7,7,7
312,5,5,5,5,5,5,5,5
314,7,7,7,7,7,7,7,7
316,7,7,7,7,7,7,7,7
317,7,7,7,7,7,7,7,3
318,7,7,7,7,7,7,7,7
319,7,7,7,7,7,7,7,7
320,7,7,7,7,7,7,7,7
321,3,3,3,3,3,3,3,3
323,7,7,7,7,7,7,7,7
324,7,7,7,7,2,7,7,7
325,5,7,7,5,5,5,7,5
326,7,7,7,7,3,7,7,7
327,5,5,5,5,5,5,5,5
329,3,7,7,7,3,7,7,7
330,5,5,7,5,5,5,5,5
331,7,7,7,7,7,7,7,7
332,7,7,7,7,7,7,7,7
333,5,5,5,5,5,5,5,5
334,7,7,7,7,7,7,7,7
335,7,7,7,7,7,7,7,7
336,7,7,7,7,3,3,2,3
337,3,7,7,7,3,7,7,3
338,7,7,7,7,7,7,7,7
339,7,7,7,7,3,7,3,3
340,7,7,7,7,7,7,7,7
341,7,7,7,7,7,7,7,7
342,5,5,5,5,2,2,5,3
343,7,7,7,7,7,7,7,7
345,2,2,2,2,2,2,2,2
346,1,2,2,2,2,2,2,2
347,0,0,3,2,0,0,3,0
348,0,0,0,0,0,0,0,0
349,0,0,0,0,0,0,0,0
351,1,3,2,2,2,2,2,2
352,0,0,2,2,2,2,2,2
354,2,2,2,2,2,2,2,2
355,2,2,2,2,2,2,2,2
356,3,1,1,1,1,1,1,1
357,3,3,3,3,3,3,3,3
358,0,0,0,0,0,0,0,0
359,0,0,0,0,0,3,0,0
360,3,3,1,1,1,1,1,1
361,0,0,0,0,0,0,0,0
362,2,2,2,2,2,2,2,2
363,0,0,0,0,0,0,0,0
364,3,0,0,0,0,0,0,0
365,0,0,0,0,0,0,0,0
366,3,3,1,1,1,1,1,1
367,0,0,0,0,0,0,0,0
368,2,2,2,2,2,2,2,2
369,0,0,0,0,0,0,0,0
370,2,2,2,2,2,2,1,1
371,3,3,2,2,2,2,2,2
372,0,0,0,0,0,0,0,0
373,2,2,2,2,2,2,2,2
374,3,3,3,3,3,3,2,3
375,2,2,2,2,2,2,2,2
376,0,0,0,3,0,0,0,0
377,0,0,0,0,0,0,0,0
378,3,3,0,0,0,0,0,0
379,2,2,2,2,2,2,2,2
380,2,2,2,2,2,2,2,2
381,0,0,0,0,0,0,0,0
382,1,1,1,1,1,1,1,1
383,3,1,1,1,1,1,1,1
384,0,0,0,0,0,0,0,0
385,2,2,2,2,2,2,2,2
386,0,0,3,0,0,0,0,0
387,3,3,3,3,3,3,3,3
388,2,2,2,2,2,2,2,3
390,3,0,0,0,0,0,0,0
391,3,0,0,0,0,0,0,0
392,0,1,1,1,1,1,1,1
393,0,0,0,0,0,0,0,0
395,0,0,0,0,0,0,0,0
396,0,0,0,0,0,0,0,0
397,3,3,3,3,3,3,2,2
398,1,1,1,1,1,1,1,1
401,3,3,3,3,3,3,3,3
402,3,3,3,3,3,3,3,3
403,3,3,3,3,3,3,3,3
404,3,1,3,3,3,3,3,3
405,3,3,2,2,2,2,2,2
408,3,3,3,3,0,3,3,3
410,3,3,3,3,3,3,3,3
413,3,3,3,3,3,2,3,3
414,3,3,3,3,3,3,3,3
416,3,3,3,3,3,3,3,3
418,2,2,2,2,2,2,2,2
419,2,2,2,2,2,2,2,2
420,2,2,2,2,2,2,2,2
421,3,3,3,3,3,3,3,3
422,2,2,2,2,2,2,2,2
423,0,0,0,0,0,0,0,0
424,0,1,1,0,0,1,0,0
425,0,0,0,0,1,1,0,0
428,0,0,0,0,0,0,0,0
429,0,0,0,0,0,0,0,0
430,2,2,2,2,2,2,2,2
431,1,3,1,0,1,1,1,0
432,1,1,1,1,1,1,1,1
433,0,0,0,0,0,0,0,0
434,0,0,0,0,0,0,0,0
435,0,0,0,0,0,1,0,0
436,0,0,0,0,0,0,0,0
437,0,0,0,0,0,0,0,0
438,3,0,0,0,0,0,0,0
440,3,1,1,3,3,3,3,3
441,0,0,0,0,0,0,0,0
442,0,0,0,0,0,0,0,0
443,3,3,3,3,3,3,3,3
444,0,0,0,0,0,0,0,0
445,0,0,0,0,0,0,0,0
446,0,0,0,0,0,0,0,0
447,0,0,0,0,0,0,0,0
448,2,2,2,2,2,2,2,2
449,3,3,3,3,3,3,3,3
450,2,2,2,2,2,2,3,2
451,1,1,1,1,1,1,1,1
452,3,2,2,2,2,2,2,2
453,3,3,3,3,3,3,3,3
455,3,3,3,3,3,3,3,3
456,0,3,0,0,0,0,0,0
457,0,0,0,1,0,0,0,0
458,3,3,3,3,3,3,3,3
459,3,3,3,3,3,3,3,3
460,3,3,3,3,3,3,3,3
478,2,2,2,2,2,2,2,2
479,0,0,0,0,0,0,0,0
480,3,3,3,3,3,3,3,3
481,2,2,2,2,2,2,2,2
482,1,1,1,1,1,1,0,1
484,0,0,0,0,0,0,0,0
485,0,0,0,0,0,0,0,0
486,1,0,0,0,0,0,0,0
487,0,0,0,0,0,0,0,0
489,1,0,0,0,1,0,0,0
490,0,0,0,0,0,0,0,0
491,0,0,0,0,0,0,0,0
492,0,0,0,0,0,0,0,0
493,0,0,0,0,1,0,0,0
494,3,0,0,1,1,1,1,1
495,0,0,0,0,0,0,0,0
496,0,0,0,0,0,0,0,0
497,1,1,1,1,1,1,1,1
498,3,3,3,3,3,3,3,3
499,0,0,0,0,0,0,0,0
501,1,0,0,0,1,0,0,0
502,0,0,0,0,0,0,0,0
503,0,0,0,0,0,0,0,0
504,2,2,2,2,2,2,2,2
505,3,3,3,3,3,3,3,3
506,2,2,2,2,2,2,2,2
507,2,2,2,2,2,2,2,2
508,1,1,2,2,1,2,2,2
509,2,2,2,2,2,2,2,2
510,3,2,2,2,2,2,2,2
511,3,3,3,3,3,3,3,3
512,1,1,3,3,1,1,1,3
515,3,3,3,3,3,3,3,3
516,0,0,0,0,0,0,0,0
517,3,3,3,3,3,3,3,3
518,1,1,3,1,1,3,1,1
519,0,0,0,0,0,0,0,0
520,0,0,0,0,0,0,0,0
521,0,0,0,0,0,0,0,0
522,0,0,1,0,0,1,1,1
523,0,0,0,0,1,0,0,0
524,0,0,3,0,0,0,0,0
525,0,0,0,0,0,0,0,0
527,1,1,1,1,1,1,1,1
528,0,0,0,0,0,0,0,1
529,0,3,3,3,0,3,3,3
530,0,1,1,1,0,1,3,0
531,0,0,0,0,0,1,1,1
532,0,0,0,0,0,0,0,0
533,0,0,0,0,0,0,0,0
534,0,0,3,0,0,0,0,0
535,3,3,3,3,3,3,3,3
536,0,0,0,0,0,0,0,0
537,0,0,0,0,0,0,0,0
538,0,1,1,1,0,1,1,0
539,0,0,0,0,0,0,0,0
540,0,1,3,0,0,0,0,0
541,0,0,0,0,0,0,0,0
542,0,0,0,0,1,1,1,1
543,1,1,1,1,1,1,1,1
544,0,0,0,0,0,0,0,0
545,0,1,1,3,3,1,1,1
546,0,0,0,0,0,0,0,0
547,0,0,0,0,0,0,0,0
548,0,0,0,0,0,0,0,0
549,0,0,0,0,0,0,0,0
550,0,0,0,0,0,0,0,0
552,0,0,0,0,0,0,1,1
553,0,0,0,0,0,0,0,0
554,0,0,0,3,3,3,3,3
555,0,0,0,0,0,0,0,0
556,0,0,0,0,0,0,0,0
557,0,0,0,0,0,0,0,0
558,0,0,3,0,0,0,0,0
559,1,1,1,1,0,1,1,1
560,0,0,0,0,0,0,0,0
561,0,0,0,1,1,1,1,1
562,0,0,0,0,0,0,0,0
563,0,0,0,0,0,0,0,0
564,0,0,0,0,0,0,0,0
565,0,0,0,0,0,0,0,0
566,0,0,0,0,0,0,0,0
567,0,0,0,0,0,0,0,0
568,0,0,3,3,0,1,0,0
569,0,0,0,0,0,0,0,0
570,0,0,0,0,0,0,0,0
571,0,0,0,0,0,0,0,0
572,0,0,1,0,0,1,1,0
574,3,3,3,3,3,3,3,3
578,2,2,2,2,2,3,3,3
579,3,2,2,3,2,2,3,3
580,3,2,7,3,3,3,2,3
581,2,2,2,2,2,2,2,2
582,5,5,7,5,5,5,5,5
583,3,3,3,3,3,3,3,3
584,3,3,3,3,3,3,3,3
585,1,5,5,5,2,2,5,2
586,3,3,3,3,3,3,3,3
587,3,3,3,3,3,3,3,3
588,3,3,3,3,3,2,2,3
589,3,3,3,3,3,3,3,3
591,3,3,3,3,3,3,3,3
592,3,3,3,3,3,3,3,3
593,3,3,3,3,3,3,3,3
594,3,3,3,3,3,3,3,3
595,3,3,3,3,3,3,3,3
598,3,3,3,3,3,3,3,3
599,3,3,3,3,3,3,3,3
600,3,3,3,3,3,3,3,3
601,3,3,3,3,3,3,3,3
602,0,3,3,3,0,0,0,0
603,3,3,3,3,3,3,3,3
604,3,3,3,3,3,3,3,3
605,3,3,3,3,3,3,3,3
606,3,3,3,3,3,3,3,3
607,3,3,3,3,3,3,3,3
608,7,4,4,4,4,4,4,4
612,5,4,4,4,4,4,4,4
613,5,5,5,5,5,5,5,5
614,7,7,7,7,7,7,7,7
615,7,7,7,7,7,7,7,7
616,7,7,7,7,7,5,5,5
618,7,7,7,7,7,7,7,7
619,7,7,7,7,7,7,7,7
621,7,7,7,7,7,7,7,7
666,2,2,2,2,2,2,2,2
667,2,2,2,2,2,2,2,2
668,1,1,1,1,1,1,1,1
669,1,1,1,3,1,1,1,1
670,2,2,2,2,2,2,2,2
671,2,5,5,5,2,5,5,2
674,2,2,2,2,2,2,2,2
675,2,2,5,2,2,2,2,2
676,2,2,2,2,2,2,2,2
677,3,3,3,3,3,3,2,2
678,5,5,5,5,5,5,5,5
679,2,2,2,2,2,2,2,2
680,2,2,2,2,2,2,2,2
683,0,0,0,0,0,0,0,0
685,3,3,3,3,2,2,3,2
686,2,2,2,2,2,2,2,2
687,0,0,0,0,0,1,0,0
689,5,5,5,5,5,5,5,5
690,3,0,0,0,0,1,3,3
691,0,0,1,0,1,1,1,1
692,0,0,0,0,0,0,0,0
693,2,2,2,2,2,2,2,2
694,1,1,1,1,1,1,1,1
695,3,3,3,3,3,3,3,3
696,0,0,0,0,0,0,0,0
697,1,1,1,1,1,1,1,1
698,3,0,3,0,3,3,3,0
699,0,0,0,0,0,0,0,0
701,0,0,3,3,0,0,3,0
702,5,5,5,5,5,5,5,5
703,1,1,1,0,0,1,1,0
704,3,3,3,3,3,3,3,3
705,3,3,3,3,3,3,3,3
706,0,0,0,0,0,0,0,0
708,3,7,7,3,3,5,5,3
710,0,1,3,3,0,1,1,3
711,3,3,3,3,3,3,3,3
712,0,0,0,0,0,3,0,0
713,0,0,0,0,0,0,0,0
714,3,3,3,3,3,3,3,3
715,0,1,1,0,0,0,0,0
716,7,5,5,5,5,5,5,5
717,3,0,1,3,1,1,1,1
718,5,7,5,7,5,7,5,5
719,0,0,0,0,0,0,0,0
720,7,7,7,7,7,7,7,7
721,0,0,3,0,0,0,0,0
722,3,3,3,3,3,3,3,3
723,1,1,1,1,1,1,1,1
725,3,3,3,3,3,3,3,3
726,7,7,7,7,7,7,7,7
727,2,2,2,2,2,2,2,2
731,1,2,2,2,2,2,2,2
734,1,1,1,1,1,1,1,1
735,3,3,3,3,0,3,3,0
736,3,3,0,0,1,3,0,1
737,3,1,1,1,0,0,0,0
738,3,3,3,3,3,3,3,3
739,1,1,1,1,1,1,1,1
741,2,1,1,1,1,1,2,2
742,3,3,3,3,3,3,3,1
743,1,1,1,1,1,1,1,1
744,3,3,3,3,3,3,3,3
745,1,1,1,1,1,1,1,1
746,0,0,0,0,0,0,0,0
747,1,1,1,1,1,1,1,1
748,2,2,2,2,2,2,2,2
749,1,3,3,0,0,3,0,0
751,1,1,1,1,1,1,1,1
752,0,1,0,3,0,1,0,3
753,3,3,0,0,0,0,0,0
754,3,3,3,1,1,3,3,1
755,3,1,1,1,1,1,1,1
756,3,3,3,3,3,3,3,3
757,2,2,2,2,2,2,2,2
758,0,3,3,3,0,3,0,0
760,0,0,0,0,0,0,0,0
761,0,0,0,0,0,0,0,0
763,2,2,2,2,2,2,2,2
764,0,3,1,3,1,0,1,1
765,0,0,0,0,0,0,0,0
766,3,3,3,3,3,3,3,3
767,3,2,2,2,2,2,2,2
769,1,1,1,1,0,1,1,0
770,0,3,3,3,0,0,3,0
771,3,3,3,1,0,0,0,0
773,0,3,3,3,0,3,1,0
774,3,1,1,1,0,1,1,1
775,4,4,4,4,4,4,4,4
776,2,2,2,2,2,2,2,2
777,2,2,5,5,5,2,2,5
778,5,5,5,5,5,5,5,5
779,3,3,3,3,3,3,3,3
780,3,3,3,3,3,3,3,3
781,3,3,3,3,3,3,3,3
782,5,5,5,5,5,5,5,5
783,3,3,3,3,3,3,3,3
784,3,3,3,2,2,2,2,2
785,2,2,2,2,2,2,2,2
787,3,3,3,3,1,1,3,3
788,3,3,3,3,3,3,3,3
789,3,2,3,2,2,3,3,3
790,3,3,3,3,3,3,3,3
791,3,3,3,3,3,3,3,3
792,3,3,3,3,3,1,3,3
793,3,1,1,1,1,1,1,1
794,2,2,2,2,2,2,2,2
795,3,1,1,1,1,1,1,1
796,3,3,3,3,3,3,3,3
797,3,3,3,3,3,3,3,3
798,3,1,1,3,3,1,1,1
799,5,5,3,5,5,5,5,5
800,3,3,3,3,3,3,3,3
801,3,3,3,3,3,2,3,3
802,3,3,1,3,3,3,3,3
803,3,3,3,3,3,3,3,3
804,3,3,1,3,3,1,1,3
805,3,3,3,3,3,3,3,3
806,3,3,3,3,3,3,3,3
807,3,3,3,3,3,3,3,3
808,3,3,3,3,1,1,1,3
809,2,2,2,2,2,2,2,2
810,0,0,0,0,0,3,1,1
811,2,2,2,2,2,2,2,2
812,2,2,2,2,2,2,2,2
813,2,2,2,2,2,2,2,2
814,0,0,1,2,2,2,2,2
815,1,0,1,1,1,1,1,1
817,1,1,1,1,1,1,1,1
818,2,2,2,2,2,2,2,2
819,2,2,2,2,2,2,2,2
820,2,2,2,2,2,2,2,2
821,0,0,0,0,1,1,1,1
822,0,0,0,0,0,0,3,3
823,0,0,0,0,0,0,0,0
824,2,2,2,2,2,2,2,2
825,0,0,1,1,1,0,1,1
826,0,0,0,0,0,0,0,0
827,0,0,0,0,0,0,0,0
828,0,0,0,0,0,0,0,0
829,0,0,0,0,0,0,0,0
830,2,2,2,2,2,2,2,2
831,0,0,0,0,0,0,1,0
832,0,0,0,1,1,1,1,0
833,0,0,0,0,1,1,1,1
834,0,0,0,0,0,0,0,0
835,0,0,0,0,0,0,0,0
836,0,0,0,0,0,0,0,0
838,0,0,0,0,0,0,0,0
839,0,0,0,0,0,0,0,0
840,0,0,0,0,0,0,0,0
841,2,2,2,2,2,2,2,2
842,5,4,4,4,4,4,4,4
843,5,5,5,5,5,5,5,5
844,5,5,5,5,5,5,5,5
846,5,5,5,5,5,5,5,5
847,5,5,5,5,5,5,5,5
848,7,7,7,7,7,7,5,5
849,3,3,1,3,3,3,1,3
851,3,3,3,3,3,1,3,3
852,3,3,3,3,3,1,1,1
853,7,7,7,7,7,5,5,5
854,5,7,7,7,5,5,7,7
855,3,7,7,7,3,3,7,7
856,5,5,5,5,5,5,5,5
857,5,5,5,1,5,1,1,1
859,3,3,7,3,3,3,3,3
860,2,5,5,5,5,5,5,5
870,3,3,3,3,3,3,3,3
871,3,3,3,3,3,3,3,3
872,2,2,2,2,2,2,2,2
873,3,5,5,1,1,1,1,1
874,3,3,3,1,1,1,1,1
875,7,7,7,7,5,5,5,5
876,3,3,3,3,3,3,3,3
877,3,3,3,3,3,1,3,3
878,5,5,5,3,3,3,3,3
879,3,7,7,3,3,3,3,3
880,3,3,3,3,3,3,3,3
881,3,2,2,3,3,3,3,3
882,3,3,3,3,3,3,3,3
883,2,2,2,2,2,2,5,1
884,7,7,7,7,5,5,5,5
885,3,3,3,3,3,3,3,3
886,3,3,5,3,3,3,3,3
888,7,7,7,7,5,5,5,5
889,5,3,7,3,3,5,3,3
890,5,5,5,5,5,5,5,5
891,5,5,2,5,5,1,1,1
892,5,5,5,5,2,5,2,5
895,5,1,1,1,1,1,1,1
896,5,5,5,5,5,5,5,5
897,2,2,2,3,2,2,2,2
898,1,1,1,1,1,1,1,1
899,1,1,3,1,1,1,1,1
900,3,3,3,1,3,1,1,1
901,1,3,3,1,3,1,3,1
902,3,3,3,3,3,3,3,3
903,3,1,1,1,1,1,1,1
904,3,1,1,1,1,1,1,1
905,3,3,3,3,3,3,3,3
907,3,1,1,1,1,1,1,1
908,1,5,3,3,3,5,3,1
909,1,1,1,1,1,1,1,1
911,3,3,3,3,3,5,3,3
912,2,5,5,5,5,5,5,5
913,1,3,3,3,3,3,3,1
914,1,1,1,1,1,1,1,1
915,1,1,3,1,1,1,1,1
916,5,5,5,5,5,5,5,5
917,5,7,7,7,5,5,5,5
918,2,2,2,2,2,2,2,2
920,1,1,1,1,1,1,1,1
922,0,0,0,0,0,0,0,0
923,0,0,0,0,0,0,0,0
924,0,0,0,0,0,0,0,0
925,0,0,0,0,0,0,0,0
926,0,0,0,0,0,0,0,0
927,3,2,2,2,2,2,2,2
928,2,2,2,2,2,2,2,2
929,0,0,0,0,0,0,0,0
930,0,0,0,0,0,0,0,0
986,2,2,2,2,2,2,2,2
987,1,2,2,2,2,2,2,2
988,2,2,2,2,2,2,2,2
989,2,2,2,2,2,2,2,2
991,2,2,2,2,2,2,2,2
992,3,3,3,3,3,3,3,3
993,1,1,1,1,1,1,1,1
994,1,1,1,1,1,1,1,1
995,1,1,1,1,1,1,1,1
996,2,2,2,2,2,2,2,2
998,1,2,2,2,2,2,2,2
999,1,1,1,1,1,1,1,1
1001,2,2,2,2,2,2,2,2
1002,1,1,1,1,1,1,1,1
1003,1,1,1,1,1,1,1,1
1004,1,1,1,1,1,1,1,1
1005,2,1,2,2,2,2,2,2
1006,1,1,1,1,1,1,1,1
1007,2,2,2,2,2,2,2,2
1008,2,2,2,2,2,2,2,2
1009,2,2,2,2,2,2,2,2
1010,3,3,3,3,3,3,3,3
1011,0,0,0,3,3,3,3,3
1012,1,1,1,0,0,1,1,1
1013,0,0,0,0,0,0,0,0
1014,0,0,0,0,0,0,0,0
1015,1,1,1,1,1,1,1,1
1016,0,0,0,0,0,0,0,0
1017,1,0,0,0,0,0,0,1
1018,0,0,0,0,0,0,0,0
1019,1,1,1,0,0,1,1,1
1020,1,1,1,1,1,1,1,1
1021,1,1,1,1,1,1,1,1
1023,0,0,0,0,0,0,0,0
1024,0,0,0,0,0,0,0,0
1025,1,1,1,1,1,1,1,1
1026,1,1,1,1,1,1,1,1
1027,0,0,0,0,0,0,0,0
1028,0,0,0,0,0,0,0,0
1029,0,0,0,0,0,0,0,0
1030,0,0,0,0,0,0,0,0
1031,0,3,0,0,0,3,3,3
1032,0,0,0,0,0,0,0,0
1033,0,0,0,0,0,0,0,0
1034,0,0,0,0,0,1,1,0
1035,0,0,0,0,0,0,0,0
1036,0,0,0,0,0,0,0,0
1037,1,1,1,1,1,0,1,3
1038,0,0,0,0,0,0,0,0
1039,3,1,2,2,2,2,2,2
1040,0,0,0,0,0,0,0,0
1041,0,0,0,0,0,0,0,0
1044,0,0,0,0,0,0,0,0
1047,3,3,3,1,3,3,3,3
1048,3,3,3,3,3,3,3,3
1049,3,2,2,2,2,2,2,2
1051,3,3,3,3,3,3,3,3
1052,3,3,3,3,3,3,3,3
1053,3,1,1,1,1,1,1,1
1054,2,2,2,2,2,2,2,2
1055,3,3,3,3,3,3,3,3
1056,1,1,1,1,1,1,1,1
1057,3,1,1,1,1,1,1,1
1058,3,3,1,1,1,1,1,1
1059,3,3,3,3,3,3,3,3
1060,1,0,1,0,1,1,1,1
1061,3,3,3,3,3,3,3,3
1062,3,3,3,3,3,3,3,3
1063,3,1,1,1,1,1,1,1
1064,3,0,0,0,0,0,0,0
1065,3,3,3,3,3,3,3,0
1066,3,1,1,1,1,1,1,1
1067,3,1,0,0,0,1,3,0
1068,3,3,1,1,1,1,1,1
1069,3,1,1,1,1,1,1,1
1070,3,3,3,3,3,3,3,3
1071,3,2,2,2,2,2,2,2
1072,3,3,3,1,1,1,1,1
1107,2,2,2,2,2,2,2,2
1108,1,1,1,1,1,1,1,1
1109,3,3,3,3,3,3,3,2
1110,1,2,2,2,2,2,2,2
1111,1,1,1,1,1,1,1,1
1112,1,1,1,1,1,1,1,1
1113,0,1,1,1,1,1,1,1
1115,0,0,0,1,0,1,1,1
1116,0,0,1,0,0,0,1,1
1117,2,2,2,2,2,2,2,2
1118,0,1,0,1,0,0,0,0
1119,1,1,1,1,1,1,1,1
1120,1,1,1,1,1,1,1,1
1121,1,1,1,1,1,1,1,1
1122,0,0,0,0,1,0,1,1
1123,1,1,1,1,1,1,1,1
1124,0,0,0,0,1,1,1,1
1125,1,1,1,1,1,1,1,1
1126,0,0,0,0,0,0,0,0
1127,1,1,1,1,1,1,1,1
1128,0,1,1,1,1,1,1,1
1129,1,1,1,1,1,1,1,1
1130,1,1,1,1,1,1,1,1
1131,3,3,1,1,1,3,3,3
1132,1,1,1,1,1,1,1,1
1133,0,1,1,0,0,0,0,0
1134,2,2,2,2,2,2,2,2
1135,2,2,2,2,2,2,2,2
1136,2,2,5,5,2,2,2,2
1137,3,3,3,3,3,3,3,3
1138,3,2,2,2,2,2,3,3
1139,3,3,3,3,3,3,3,3
1140,2,2,2,2,2,2,2,2
1141,5,5,5,5,5,5,5,5
1142,3,3,3,3,3,3,3,3
1143,3,1,1,1,1,3,1,1
1144,0,3,3,3,0,0,0,0
1146,3,1,1,1,1,1,1,1
1147,3,3,3,3,2,2,2,2
1148,3,3,3,3,3,3,3,3
1149,3,3,3,3,3,3,3,3
1150,2,2,2,2,2,2,2,2
1151,3,5,5,5,5,5,5,5
1152,7,7,7,7,7,7,7,7
1153,3,3,3,3,3,3,3,3
1154,3,1,2,2,2,5,5,5
1155,3,3,3,3,3,3,3,3
1157,1,5,5,1,1,5,5,1
1158,3,3,3,3,3,3,3,3
1159,3,3,3,3,3,3,3,3
1160,3,3,3,3,3,3,3,3
1161,3,3,3,3,3,3,3,3
1163,3,1,1,3,3,3,3,3
1164,3,1,3,3,3,3,3,3
1165,5,5,5,5,5,5,5,5
1166,3,3,3,3,3,3,3,3
1167,3,3,1,3,3,3,3,3
1168,1,3,3,3,3,3,3,3
1169,2,2,2,2,2,2,2,2
1170,3,3,3,3,3,3,3,3
1171,3,3,3,3,3,3,3,3
1172,3,3,3,3,3,3,3,3
1173,0,3,3,3,3,3,3,3
1174,3,3,3,3,3,3,3,3
1175,3,3,3,3,3,3,3,3
1176,2,2,2,2,2,2,2,2
1178,3,3,0,3,1,1,0,1
1179,2,1,2,2,2,1,2,2
1180,1,1,1,1,1,1,1,1
1181,3,3,3,3,2,3,3,3
1184,5,2,2,2,5,2,2,2
1185,3,1,1,1,1,1,1,1
1186,2,2,2,2,2,2,2,2
1187,3,3,3,3,3,3,3,1
1188,2,2,2,2,2,2,2,2
1189,3,3,3,3,3,3,3,3
1190,2,2,2,2,2,2,2,2
1191,3,3,3,3,3,3,3,3
1192,3,3,3,3,3,3,3,3
1193,3,3,3,3,3,3,3,1
1194,3,0,0,1,0,1,1,1
1195,1,0,0,0,0,0,0,1
1196,3,3,3,3,3,3,1,3
1197,3,3,3,3,3,3,3,2
1198,2,2,2,2,2,2,2,2
1200,1,1,1,1,1,1,1,1
1201,0,1,0,0,1,0,0,0
1203,1,1,1,1,1,1,1,1
1204,1,1,1,0,1,0,0,0
1205,0,1,0,0,1,0,1,1
1206,1,1,1,1,1,1,1,1
1207,1,1,1,1,1,1,1,1
1208,0,0,0,0,0,0,0,0
1209,1,1,1,1,1,1,1,1
1210,1,1,0,0,0,0,0,0
1211,1,1,1,1,1,1,1,1
1212,2,2,2,2,2,2,2,2
1213,1,1,1,1,1,1,1,1
1214,1,1,1,1,1,1,1,0
1215,1,1,1,0,1,1,1,0
1217,1,1,0,0,0,1,1,0
1218,1,1,1,1,1,1,1,1
1219,1,1,1,1,1,1,1,1
1220,0,1,0,0,1,1,1,0
1221,1,1,1,2,2,2,2,2
1222,0,0,0,0,0,0,0,0
1223,1,1,1,0,1,0,0,0
1224,2,2,2,2,2,2,2,2
1225,3,2,2,2,2,2,2,2
1226,2,2,2,2,2,2,2,2
1227,3,2,2,3,1,2,2,2
1228,1,2,3,3,1,3,3,3
1229,2,2,2,2,2,2,2,2
1230,2,2,2,2,2,2,2,2
1231,2,2,5,5,2,2,5,2
1232,3,2,2,2,2,2,2,2
1233,2,2,2,2,2,2,2,2
1234,2,2,2,2,2,2,2,2
1235,3,2,3,3,3,2,2,2
1236,2,2,2,2,2,2,2,2
1237,1,3,3,3,1,1,2,3
1238,2,2,2,2,2,2,2,2
1240,3,3,3,3,3,3,3,3
1241,3,3,3,3,1,3,3,2
1242,0,0,0,0,0,0,0,0
1243,2,2,2,2,2,2,2,2
1244,1,3,3,1,1,1,1,1
1246,3,3,3,3,3,3,3,3
1249,3,3,3,3,3,3,3,3
1250,2,2,2,2,2,2,2,2
1251,3,3,3,3,0,3,3,3
1252,3,3,3,3,3,2,2,2
1253,0,0,0,0,0,0,0,0
1254,3,3,3,3,3,3,3,3
1256,3,3,3,3,3,3,3,3
1257,3,3,3,3,3,3,3,3
1258,2,2,2,2,2,2,2,2
1259,1,1,1,1,1,1,1,1
1260,2,2,2,2,2,2,2,2
1261,1,1,1,1,1,1,1,1
1262,1,1,1,1,1,1,1,1
1264,0,0,0,0,0,0,0,0
1265,1,1,1,1,1,1,1,1
1266,1,1,0,0,0,0,0,0
1267,0,0,0,0,0,0,0,0
1268,1,1,0,0,1,1,0,1
1269,0,0,0,0,0,0,0,0
1270,1,1,1,1,1,1,1,1
1271,0,0,0,0,0,0,0,0
1272,1,1,1,0,1,1,0,1
1273,0,0,0,0,0,0,0,0
1274,0,0,0,0,0,0,0,0
1275,3,3,3,3,3,3,3,3
1276,3,3,0,0,0,1,1,1
1277,1,1,1,1,1,1,1,1
1278,0,0,0,0,0,0,0,0
1279,0,1,1,0,0,1,1,0
1280,0,1,0,0,0,0,0,0
1281,1,1,1,1,1,1,1,1
1282,0,0,3,0,0,0,0,0
1284,1,1,1,1,1,1,1,1
1285,1,1,1,1,1,1,1,1
1286,1,1,1,0,0,0,0,0
1287,1,1,1,1,1,1,1,1
1288,1,1,0,0,0,0,1,0
1289,0,3,0,0,0,0,0,0
1290,3,1,3,1,1,1,1,0
1291,0,0,0,0,0,0,0,0
1292,0,0,0,0,0,1,1,0
1293,1,1,1,1,1,1,1,1
1294,1,1,1,1,1,1,1,1
1295,1,1,1,1,1,1,1,0
1296,0,0,0,0,0,0,0,0
1297,0,3,0,0,0,0,0,0
1298,0,0,0,0,0,0,0,0
1299,0,0,0,0,0,0,0,0
1300,0,0,0,0,0,0,0,0
1301,1,1,1,1,1,1,1,1
1302,1,3,1,1,1,1,1,1
1303,2,2,2,2,2,2,2,2
1304,1,1,1,1,1,1,1,1
1305,1,1,1,1,1,1,1,1
1306,1,1,1,1,1,1,1,1
1308,3,1,1,1,1,1,1,1
1309,0,0,0,0,0,0,0,0
1310,1,1,1,1,1,1,3,1
1311,0,0,0,0,0,0,0,0
1312,1,1,1,1,1,1,1,1
1313,0,0,0,0,0,0,0,0
1314,0,0,0,0,0,0,0,0
1315,2,2,2,2,2,2,2,2
1316,1,1,1,1,1,1,1,1
1317,0,0,0,0,0,0,0,0
1319,0,0,0,0,0,0,0,0
1320,0,0,0,0,0,0,0,0
1321,1,1,1,1,1,1,1,1
1322,0,0,0,0,0,0,0,0
1323,0,0,0,0,0,0,0,0
1324,0,0,0,0,0,0,0,0
1325,0,0,0,0,0,0,0,0
1326,3,3,3,0,1,1,1,1
1327,0,0,0,0,0,0,0,0
1328,0,0,0,0,0,0,0,0
1329,0,1,1,1,1,1,1,1
1330,0,0,0,0,0,0,0,0
1331,0,0,0,0,0,0,0,0
1333,2,2,2,2,2,2,2,2
1334,1,1,1,1,1,1,1,1
1335,0,0,0,0,0,0,0,0
1336,0,0,0,0,0,0,0,0
1337,0,0,0,0,0,0,0,0
1338,1,1,1,0,0,1,1,1
1339,0,0,0,0,0,0,0,0
1340,0,0,0,0,0,0,0,0
1341,1,1,1,0,1,1,1,1
1343,0,0,0,0,0,0,0,0
1344,0,0,0,0,0,0,0,0
1345,0,0,0,0,0,0,0,0
1346,0,0,0,0,0,0,0,0
1347,0,0,0,0,0,0,0,0
1348,0,0,0,0,0,0,0,0
1349,0,0,0,0,0,0,0,0
1350,0,0,0,0,0,0,0,0
1351,0,0,0,0,0,0,0,0
1352,0,0,0,0,0,0,0,0
1353,0,0,0,0,0,0,0,0
1355,0,0,0,0,0,0,0,0
1356,0,1,1,0,0,1,0,0
1357,0,0,0,3,0,1,1,1
1358,0,0,0,0,0,0,0,0
1392,2,2,2,1,2,2,2,2
1393,2,2,2,2,2,2,2,2
1394,2,2,2,2,2,2,2,2
1395,6,6,6,6,6,6,6,6
1396,2,2,2,2,2,2,2,2
1397,2,6,2,6,6,6,2,6
1398,5,5,5,5,5,5,5,5
1399,5,5,2,2,5,2,2,2
1400,2,2,2,2,2,2,2,2
1401,2,2,2,2,2,2,2,2
1402,2,6,6,6,6,6,6,6
1403,2,2,2,2,2,2,2,2
1404,3,2,2,3,2,2,2,2
1405,2,2,2,2,2,2,2,2
1406,2,5,5,5,5,5,5,5
1407,2,2,2,2,2,2,2,2
1408,2,2,2,2,2,2,2,2
1409,2,5,5,5,5,6,6,2
1410,2,2,2,2,2,2,2,2
1411,2,2,2,2,2,2,2,2
1412,0,0,0,0,0,0,0,0
1413,1,1,1,1,1,1,1,1
1414,1,1,1,1,1,1,1,1
1415,0,0,0,0,0,0,0,0
1416,0,0,0,0,0,0,0,0
1417,0,0,0,0,0,0,0,0
1419,0,0,0,0,0,0,0,0
1420,0,0,0,0,0,0,0,0
1421,1,0,0,0,3,0,0,0
1422,1,1,1,1,1,1,1,1
1423,1,1,1,1,1,1,1,1
1425,1,1,1,1,1,1,0,1
1426,0,0,0,0,0,0,0,0
1427,1,1,1,1,1,1,1,1
1428,0,0,0,0,0,0,0,0
1429,1,1,1,1,1,1,1,1
1430,5,5,4,5,4,5,5,5
1431,5,5,5,5,5,5,5,5
1438,5,5,5,5,5,5,5,5
1439,4,4,4,4,4,4,4,4
1440,2,2,2,2,2,2,2,2
1443,4,4,4,4,4,4,4,4
1444,4,4,4,4,4,4,4,4
1445,4,4,4,4,4,4,4,4
1446,2,4,4,4,4,4,4,4
1447,2,2,2,2,2,2,2,2
1448,4,4,4,4,4,4,4,4
1449,3,2,2,2,2,2,2,2
1453,2,4,4,4,4,4,4,4
1454,2,2,2,2,2,2,2,2
1456,4,4,4,4,4,4,4,4
1457,4,4,4,4,4,4,4,4
1459,4,4,4,4,4,4,4,4
1461,4,4,4,4,4,4,4,4
1463,2,2,2,2,2,2,2,2
1464,2,4,4,4,4,4,4,4
1465,4,4,4,4,4,4,4,4
1467,4,4,4,4,4,4,4,4
1468,2,2,2,2,2,2,2,2
1472,4,4,4,4,4,4,4,4
1473,2,2,2,2,2,2,2,2
1474,2,2,2,1,1,2,1,1
1475,4,4,4,4,4,4,4,4
1477,2,2,2,2,2,2,2,2
1478,2,2,2,2,2,2,2,2
1480,2,2,2,2,2,2,2,2
1481,2,4,4,4,4,4,4,4
1483,2,2,2,2,2,2,2,2
1484,2,2,2,2,2,2,2,2
1486,2,2,2,2,2,2,2,2
1488,2,4,4,4,4,4,4,4
1489,2,2,2,2,2,2,2,2
1490,2,2,2,2,2,2,2,2
1491,2,2,2,2,2,2,2,2
1492,2,2,2,2,2,2,2,2
1493,4,4,4,4,4,4,4,4
1494,1,1,1,1,1,1,1,1
1495,2,2,2,2,2,2,2,2
1496,2,2,2,2,2,2,2,2
1500,2,4,4,4,4,4,4,4
1501,2,2,2,4,2,2,2,4
1504,2,2,2,2,2,2,2,2
1506,5,5,5,5,5,5,5,5
1507,5,5,5,5,5,5,5,5
1508,5,5,5,5,5,5,5,5
1509,5,5,5,5,5,5,5,5
1510,5,5,5,5,5,5,5,5
1511,5,5,5,5,5,5,5,5
1512,5,5,5,5,5,5,5,5
1518,5,5,5,5,5,5,5,5
1519,5,5,5,5,5,5,5,5
1520,5,5,5,5,5,5,5,5
1521,5,5,5,5,5,5,5,5
1522,5,5,5,5,5,5,5,5
1523,2,2,2,2,2,2,2,2
1525,2,2,2,2,2,2,2,2
1526,2,2,2,2,2,2,2,2
1527,2,2,2,2,2,2,2,2
1528,1,1,1,1,1,1,1,1
1529,1,1,1,1,1,1,1,1
1530,1,1,1,1,1,1,1,1
1532,3,3,3,3,0,1,3,3
1533,1,1,1,1,1,1,1,1
1534,1,1,1,1,1,1,1,1
1535,1,1,1,1,1,1,1,1
1536,1,1,1,1,1,1,1,1
1537,0,0,0,0,0,0,0,0
1539,2,2,2,2,2,2,2,2
1540,2,2,2,2,2,2,2,2
1541,0,0,0,0,0,0,0,0
1542,1,1,1,0,0,0,0,0
1543,0,0,0,0,0,0,0,1
1544,3,3,0,3,0,0,0,0
1545,0,0,0,0,0,0,0,0
1546,1,1,0,0,0,0,0,1
1547,0,0,0,0,0,0,0,0
1548,0,0,0,0,0,0,0,0
1549,1,1,1,1,1,1,1,1
1550,1,1,1,0,0,1,1,1
1551,0,0,0,0,0,0,0,0
1552,0,0,0,0,0,0,0,0
1553,2,2,2,2,2,2,2,2
1554,1,1,1,1,1,1,1,1
1555,0,1,1,1,0,1,1,1
1556,1,1,1,1,1,1,1,1
1557,1,1,1,1,1,1,1,1
1558,3,3,3,3,3,3,1,1
1559,0,0,0,0,0,0,0,0
1560,2,2,2,2,2,2,2,2
1561,0,0,0,0,0,0,0,0
1562,1,1,1,1,1,1,1,1
1563,2,2,2,2,2,2,2,2
1564,0,0,0,0,0,0,0,0
1565,1,1,3,0,0,3,1,1
1566,1,1,1,1,0,0,3,0
1567,0,0,0,0,0,0,0,0
1568,1,1,1,1,1,1,1,0
1569,0,0,0,0,0,0,0,0
1570,0,1,3,3,0,0,3,0
1571,0,0,3,0,3,3,3,3
1572,3,3,3,3,3,3,3,3
1573,0,0,3,0,0,0,0,0
1574,1,1,1,0,0,0,1,1
1575,2,2,2,2,2,2,2,2
1577,2,2,2,2,2,2,2,2
1578,1,2,1,1,1,1,1,1
1579,1,1,1,1,0,0,1,1
1580,0,0,0,0,0,0,0,0
1581,1,1,1,1,1,1,1,1
1582,0,1,1,3,3,1,1,0
1583,1,1,1,1,1,1,1,1
1584,0,0,3,0,0,0,0,0
1585,0,0,3,1,0,1,0,1
1586,2,2,2,2,2,2,2,2
1587,1,1,1,1,1,1,1,1
1588,1,1,1,1,1,1,1,1
1589,1,1,1,1,1,1,1,1
1590,0,0,3,0,0,0,0,0
1591,1,1,0,0,0,0,1,1
1592,1,1,1,1,1,1,1,1
1593,1,1,1,1,1,1,1,1
1594,0,1,1,1,0,0,0,1
1595,1,1,1,1,1,1,1,1
1596,0,1,1,1,1,1,1,1
1597,2,2,2,2,2,2,2,2
1598,2,2,2,2,2,2,2,2
1599,2,2,2,2,2,2,2,2
1600,2,2,2,2,2,2,2,2
1601,2,2,2,2,2,2,2,2
1602,0,0,3,3,0,3,0,3
1603,3,3,3,3,3,3,3,3
1604,3,3,3,3,3,3,3,3
1605,0,0,0,0,0,0,0,0
1606,0,0,0,0,0,0,0,0
1607,0,0,0,0,0,0,0,0
1608,1,1,1,1,1,1,1,1
1609,3,3,3,3,3,3,3,3
1610,1,1,1,1,1,1,1,1
1611,3,1,1,3,1,1,1,1
1612,3,1,1,1,3,1,1,3
1613,0,0,0,0,0,0,0,0
1614,0,0,0,0,0,0,0,0
1615,3,3,3,2,2,2,2,2
1616,0,0,3,3,0,3,3,3
1617,0,0,0,0,0,0,0,0
1618,0,1,1,3,0,1,1,1
1619,3,3,3,3,3,1,3,3
1620,2,2,2,2,2,2,2,2
1621,3,3,3,3,3,3,3,3
1622,0,1,1,0,0,0,3,0
1623,3,3,3,3,3,3,3,3
1624,1,1,1,1,1,1,3,3
1625,3,3,3,3,3,3,3,3
1626,0,0,0,0,0,0,0,0
1627,0,1,1,1,1,1,1,1
1628,0,3,3,3,3,3,3,3
1629,3,1,1,1,3,1,1,1
1630,0,3,3,3,0,3,3,3
1631,1,1,1,1,1,1,3,1
1632,2,2,2,2,2,2,2,2
1633,3,1,1,1,1,1,1,1
1634,1,1,1,1,1,1,1,0
1635,0,0,0,0,0,0,0,0
1636,0,0,0,1,1,1,0,0
1637,0,0,0,0,0,0,0,0
1638,3,1,3,3,1,1,1,1
1639,1,1,1,1,1,1,1,1
1640,0,0,0,0,0,0,0,0
1641,1,1,1,1,0,1,1,1
1642,0,0,0,0,0,0,0,0
1643,1,1,1,1,1,1,1,1
1644,1,1,1,1,1,1,1,1
1645,1,0,1,1,0,0,0,1
1646,0,1,0,0,0,0,0,0
1647,0,0,0,0,0,0,0,0
1648,0,0,0,0,0,0,0,0
1649,0,0,0,0,1,1,1,1
1650,0,0,1,1,0,0,1,0
1651,0,0,0,3,0,0,0,0
1652,3,2,2,2,2,2,3,3
1653,1,1,1,1,1,1,0,0
1654,0,3,3,3,0,0,0,0
1655,0,0,1,1,0,0,0,0
1656,1,1,1,1,0,0,0,1
1657,0,0,0,0,0,0,0,0
1658,1,1,1,1,1,1,1,1
1659,3,3,3,3,3,3,3,3
1660,0,0,0,0,0,0,0,0
1661,0,0,0,0,0,0,0,0
1662,3,3,3,3,0,0,0,0
1663,0,0,1,0,0,1,0,0
1664,0,0,0,1,0,0,0,1
1665,2,2,2,2,2,2,2,2
1666,0,0,0,0,0,0,0,0
1667,1,2,2,2,2,2,2,2
1668,2,2,2,2,2,2,2,2
1669,1,1,1,1,1,1,1,1
1670,1,1,1,1,1,1,1,1
1671,1,1,1,1,1,1,1,1
1672,1,2,2,2,2,2,2,2
1673,1,2,2,2,2,2,2,2
1674,1,1,1,3,3,1,1,3
1675,3,3,3,3,3,3,3,3
1676,1,1,1,1,1,1,1,1
1678,0,0,0,0,0,0,0,0
1679,1,1,1,1,1,1,1,0
1680,0,0,0,0,0,0,0,0
1681,0,0,0,0,0,0,0,0
1682,1,1,1,1,1,1,1,1
1683,3,1,1,1,3,3,3,3
1685,0,0,0,0,1,0,0,1
1686,1,1,1,1,1,1,1,1
1687,0,0,0,0,0,0,0,0
1688,1,1,0,0,1,1,0,0
1689,0,0,0,0,0,0,0,0
1690,0,0,0,0,0,0,0,0
1691,0,0,0,0,0,0,0,0
1692,1,1,1,1,1,1,1,1
1693,1,1,0,0,0,0,0,0
1694,1,1,1,1,1,1,1,1
1696,0,0,1,0,0,0,0,0
1697,1,1,0,0,1,0,0,0
1698,0,0,0,0,0,0,0,0
1699,1,0,1,1,1,1,1,1
1700,1,1,1,1,1,1,1,1
1701,1,1,1,1,1,1,1,1
1702,0,0,0,0,0,0,0,0
1703,0,0,0,0,0,0,0,0
1704,1,2,2,2,2,2,2,2
1705,1,1,1,1,1,1,0,0
1706,0,0,0,0,0,0,0,0
1707,2,2,2,2,2,2,2,2
1708,1,1,1,1,1,1,1,1
1709,1,1,1,1,1,1,1,1
1710,1,1,1,1,1,1,1,0
1711,0,1,1,1,1,1,1,1
1712,0,0,1,0,1,0,0,0
1714,0,0,0,0,0,0,0,0
1715,0,0,1,1,1,0,0,0
1717,1,0,0,1,1,1,0,0
1718,0,0,0,0,0,0,0,0
1719,1,3,1,1,1,1,1,1
1722,0,0,0,0,0,0,0,0
1724,0,0,0,0,0,0,0,0
1725,0,0,0,0,0,0,0,0
1726,2,2,2,2,2,2,2,2
1727,0,0,0,0,0,0,0,0
1728,1,1,0,1,1,1,1,1
1730,0,0,0,0,1,0,0,1
1731,1,1,1,1,1,1,1,1
1732,0,0,0,0,0,0,0,0
1733,1,0,0,1,0,0,0,0
1737,0,0,0,0,0,0,0,0
1738,0,0,0,0,0,0,0,1
1739,0,0,0,0,0,0,0,0
1740,1,0,3,3,3,3,3,3
1741,0,0,0,0,0,0,0,0
1742,1,1,0,1,1,1,0,0
1743,0,0,0,0,0,0,0,0
1744,0,0,0,0,0,0,0,0
1745,1,0,0,0,0,0,0,1
1746,0,0,0,0,0,0,0,0
1747,0,0,0,0,0,0,0,0
1749,0,0,0,0,0,0,0,0
1750,0,0,0,0,0,0,0,0
1751,0,0,0,0,0,0,0,0
1752,1,0,0,0,1,1,1,1
1753,0,0,0,0,0,0,0,0
1754,0,0,0,0,0,0,0,0
1755,0,0,0,0,0,0,0,0
1756,0,0,0,0,0,0,0,0
1757,0,0,0,0,0,0,0,0
1758,2,2,2,2,2,2,2,2
1759,1,0,0,1,1,1,1,1
1760,0,0,0,0,0,0,0,0
1761,0,0,0,0,0,0,0,0
1762,0,0,0,0,0,0,0,0
1764,2,2,2,2,2,2,2,2
1765,2,2,2,2,2,2,2,2
1766,1,1,1,1,1,1,1,1
1768,1,1,1,1,1,1,1,1
1769,1,1,1,1,1,1,1,1
1770,1,1,1,1,1,1,1,1
1771,0,0,0,0,0,0,0,0
1773,0,0,0,0,0,0,0,0
1774,0,1,1,1,1,1,1,0
1775,0,1,1,0,0,0,1,0
1776,1,1,1,1,1,1,1,1
1777,3,3,1,1,1,1,0,0
1778,1,1,1,1,1,1,1,1
1780,1,1,1,1,1,1,1,1
1781,3,1,1,0,0,1,0,0
1782,1,1,1,1,1,1,1,1
1783,2,2,2,2,2,2,2,2
1784,0,0,0,0,0,0,0,0
1785,1,1,1,1,1,1,1,1
1786,1,1,1,1,1,1,1,1
1787,3,3,3,3,3,3,3,3
1788,1,1,1,1,1,1,1,1
1845,2,2,2,2,2,2,2,2
1846,1,1,1,1,1,1,1,1
1848,0,0,0,0,0,0,0,0
1849,0,0,0,0,0,0,0,0
1850,0,0,0,0,1,0,0,1
1851,0,0,0,0,0,0,0,0
1852,1,1,0,0,0,1,1,1
1853,0,1,1,1,0,0,1,0
1854,0,0,0,0,0,0,0,0
1855,0,0,0,0,0,0,0,0
1856,0,0,0,0,0,0,0,0
1857,1,0,0,0,0,0,0,0
1858,0,0,0,0,0,0,0,0
1859,1,1,1,1,1,1,1,1
1860,0,0,0,0,0,0,0,0
1861,1,1,1,1,1,1,1,1
1862,1,1,1,1,1,1,1,1
1863,2,2,2,2,2,2,2,2
1864,0,0,0,0,0,0,0,0
1865,0,0,0,0,0,0,0,0
1868,0,1,1,0,0,1,0,0
1869,0,0,0,1,1,1,1,1
1870,0,0,0,0,0,0,0,0
1871,1,0,1,0,0,0,0,0
1872,0,0,0,0,0,0,0,0
1873,1,1,1,1,1,1,1,1
1874,2,2,2,2,2,2,2,2
1875,2,2,2,2,2,2,2,2
1876,2,2,2,2,2,2,2,2
1877,2,2,2,2,2,2,2,2
1878,1,1,1,1,1,1,1,1
1879,1,2,2,2,2,2,2,2
1880,1,1,1,1,1,1,1,1
1881,2,2,2,2,2,2,2,2
1883,2,2,2,2,2,2,2,2
1884,0,0,0,0,0,0,0,0
1885,1,1,1,1,1,1,1,1
1886,1,1,1,1,1,1,1,1
1887,0,0,0,0,0,0,0,0
1888,0,0,1,0,1,1,1,1
1889,0,1,1,1,1,1,1,1
1890,2,2,2,2,2,2,2,2
1891,0,0,0,0,0,0,0,0
1892,0,0,0,0,0,0,0,0
1893,0,0,0,0,0,0,0,1
1894,1,1,1,1,1,1,1,1
1895,1,1,1,1,1,1,1,1
1896,0,0,0,0,0,0,0,0
1897,0,0,0,0,0,0,0,0
1898,1,1,1,1,0,0,0,1
1899,1,1,1,1,1,1,1,1
1900,1,1,1,1,1,1,1,1
1901,0,0,1,1,0,1,1,1
1902,0,0,0,0,0,0,1,1
1903,1,1,1,1,0,1,1,0
1904,1,1,1,1,1,1,1,1
1905,2,2,2,2,2,2,2,2
1906,3,3,2,2,2,2,2,2
1907,0,0,0,0,0,0,0,0
1908,0,0,0,0,0,0,0,0
1909,0,0,0,0,0,0,0,0
1910,0,0,0,0,0,0,1,1
1912,1,1,1,1,1,1,1,1
1915,0,0,0,0,0,0,0,0
1916,0,0,0,0,0,0,0,0
1917,1,1,0,0,0,0,0,0
1918,0,0,0,0,0,0,0,0
1919,2,2,2,2,2,2,2,2
1920,1,1,1,1,1,3,2,2
1921,0,0,0,0,0,0,0,0
1922,1,1,1,1,3,3,3,3
1923,1,1,1,0,0,0,0,0
1924,0,0,0,0,0,0,0,0
1925,0,0,0,0,0,0,0,0
1926,0,0,0,0,0,0,0,0
1927,0,0,0,0,0,0,0,0
1928,0,0,0,0,0,0,0,0
1929,0,0,0,0,0,0,0,0
1930,1,1,0,1,1,1,1,1
1931,1,0,0,1,1,1,1,1
1932,0,0,0,0,0,0,0,0
1933,0,0,0,0,0,0,0,0
1934,1,1,1,1,1,1,1,1
1935,0,0,0,0,0,0,0,0
1936,0,0,1,1,1,1,1,1
1937,1,1,0,1,0,0,0,0
1938,0,0,0,0,0,0,0,0
1939,1,1,0,1,1,1,0,1
1940,0,0,0,0,0,0,0,0
1941,0,0,0,0,0,0,0,0
1942,0,0,0,0,0,0,0,0
1943,0,0,0,0,0,0,0,0
1944,0,0,0,0,0,0,0,0
1945,0,0,0,0,0,0,0,0
1947,1,1,1,1,1,1,1,1
1948,1,0,1,1,1,1,1,1
1949,0,0,0,0,0,0,0,0
1950,0,0,1,1,1,1,1,1
1951,1,1,1,1,1,1,1,0
1952,2,2,2,2,2,2,2,2
1954,7,5,5,5,3,5,5,3
1955,7,7,5,7,5,5,5,5
1956,5,5,5,5,5,5,5,5
1957,5,5,5,5,5,5,5,5
1958,7,7,7,7,7,7,7,7
1959,7,7,7,7,7,3,3,3
1960,5,5,5,5,5,5,5,5
1961,5,5,5,5,5,5,5,5
1962,5,5,5,5,5,5,5,5
1963,5,5,5,5,5,5,5,5
1965,7,3,3,3,3,3,3,3
1966,7,7,7,3,3,3,3,3
1967,7,5,5,5,5,5,5,5
1968,5,5,5,5,5,5,5,5
1969,5,5,5,5,5,5,5,5
1970,7,7,7,7,7,7,7,7
1971,2,2,2,2,2,2,2,2
1972,3,3,2,2,2,2,2,2
1973,1,1,1,1,1,1,1,1
1974,2,2,2,2,2,2,2,2
1975,1,1,1,1,1,1,1,1
1976,1,1,1,1,1,1,1,1
1977,2,2,2,2,2,2,2,2
1978,2,2,2,2,2,2,2,2
1979,2,2,2,2,2,2,2,2
1980,2,2,2,2,2,2,2,2
1981,2,2,2,5,2,5,2,2
1982,2,2,2,2,2,2,2,2
1983,2,2,2,2,2,2,2,2
1984,1,1,1,1,1,1,1,1
1985,2,2,2,2,2,2,2,2
1986,2,2,2,2,2,2,2,2
1987,3,3,3,3,3,3,3,3
1988,1,1,1,1,1,1,1,1
1989,1,1,1,1,1,1,1,1
1990,2,2,2,2,5,5,2,2
1991,2,1,1,1,1,1,1,1
1992,1,1,1,1,1,1,1,1
1993,5,5,2,5,2,2,2,2
1994,1,1,1,1,1,1,1,1
1995,3,2,2,2,2,2,2,2
1996,1,1,1,1,1,1,1,1
1997,1,1,1,1,1,1,1,1
1999,2,2,2,2,2,2,2,2
2000,2,2,2,2,2,2,2,2
2001,2,1,1,1,1,1,1,1
2002,2,2,1,2,2,2,1,1
2004,2,2,2,2,2,2,2,2
2005,2,2,2,2,2,2,2,2
2006,2,2,2,2,2,2,2,2
2007,1,1,1,1,1,1,1,1
2008,2,2,2,2,2,2,2,2
2009,1,2,1,1,1,1,1,1
2010,2,2,2,2,2,2,2,2
2011,2,2,2,2,2,2,2,2
2012,3,1,1,1,1,1,1,1
2015,1,1,1,1,1,1,1,1
2017,3,3,3,3,1,3,3,1
2018,3,1,1,1,1,1,1,1
2019,2,3,3,2,2,3,2,2
2021,3,3,3,3,3,3,1,3
2022,0,1,0,0,0,0,0,1
2023,3,1,1,3,1,1,1,3
2024,3,2,2,2,2,2,2,2
2025,3,3,3,3,3,3,3,3
2027,1,1,1,3,3,1,1,1
2028,1,1,1,1,1,1,1,1
2030,3,3,3,3,3,3,3,3
2031,1,1,1,1,1,1,1,1
2032,2,2,2,2,2,2,2,2
2033,2,2,2,2,2,2,2,2
2034,3,3,3,3,3,3,3,3
2035,1,1,1,1,1,1,1,1
2036,3,1,1,1,1,1,1,1
2037,0,1,0,0,0,1,1,0
2039,1,1,1,1,1,1,1,1
2040,2,2,2,2,2,2,2,2
2041,3,3,1,1,1,1,1,1
2042,1,1,1,1,1,1,1,1
2043,0,0,0,0,0,0,1,1
2044,2,2,2,2,2,2,2,2
2045,1,2,2,1,1,2,2,2
2046,0,1,1,0,0,0,1,1
2047,2,2,2,2,2,2,2,2
2048,2,2,2,2,2,2,2,2
2049,0,0,0,0,0,0,0,0
2050,0,0,0,0,0,0,0,0
2051,1,1,1,1,1,1,1,1
2052,1,1,0,1,1,0,0,1
2053,1,0,0,1,0,0,1,1
2054,0,0,0,0,0,0,0,0
2055,1,1,1,1,1,1,1,1
2056,0,0,0,0,0,0,0,0
2057,0,0,0,0,0,0,0,0
2058,0,0,1,0,0,0,0,0
2059,1,1,1,1,1,1,1,1
2060,1,3,3,3,1,3,3,3
2061,0,0,0,0,0,0,0,0
2062,1,1,1,1,1,1,1,1
2063,2,2,2,2,2,2,2,2
2064,1,1,1,1,1,1,1,1
2065,0,0,1,0,0,0,1,1
2066,0,0,0,0,0,3,1,3
2067,0,0,0,0,0,0,0,0
2068,0,0,0,0,0,0,0,0
2069,0,1,1,1,1,1,0,0
2070,1,1,1,1,1,1,1,1
2072,0,0,0,0,0,0,0,0
2073,1,1,1,1,1,1,1,1
2074,1,2,2,2,2,2,2,2
2075,0,0,0,0,0,0,0,0
2076,0,0,0,0,0,3,0,0
2077,0,0,0,0,0,0,0,0
2078,0,0,0,0,0,0,0,0
2079,0,0,0,0,0,0,0,0
2080,0,0,0,0,0,0,0,0
2081,0,0,0,0,1,0,0,0
2082,0,0,0,0,0,0,0,0
2085,0,0,0,0,0,0,0,0
2087,0,0,0,0,0,0,0,0
2088,0,0,0,0,0,0,0,0
2089,0,0,0,0,0,0,0,0
2090,0,0,0,0,0,0,0,0
2091,0,0,0,0,0,0,0,0
2093,0,0,0,0,0,0,0,0
2094,0,0,0,0,0,0,0,0
2095,0,0,0,0,0,0,0,0
2096,0,0,0,0,0,0,0,0
2098,0,0,0,0,0,0,0,0
2100,0,0,0,1,1,0,0,0
2101,2,2,2,2,2,2,2,2
2105,1,1,1,1,1,1,1,1
2108,2,2,2,2,2,2,2,2
2109,2,2,2,1,2,2,2,1
2110,1,1,1,1,1,1,1,1
2111,1,1,1,1,1,1,1,1
2112,1,1,1,0,0,1,1,0
2113,1,1,1,1,1,1,1,1
2114,1,1,1,1,1,1,1,1
2116,0,0,0,0,0,0,0,0
2117,0,1,3,0,0,3,3,3
2118,1,1,1,1,1,1,1,1
2119,2,2,2,2,2,2,2,2
2120,1,1,1,1,1,1,1,1
2121,1,1,1,1,1,1,1,1
2122,1,1,1,1,1,1,1,1
2124,2,2,2,2,2,2,2,2
2125,0,0,0,0,0,0,0,0
2126,1,1,1,1,1,1,1,1
2127,0,0,0,0,0,0,0,0
2128,1,1,1,1,1,1,1,1
2129,0,0,1,0,1,1,1,1
2130,0,0,3,0,0,3,3,3
2131,1,1,1,1,1,1,1,1
2132,0,0,3,0,0,1,3,3
2133,0,0,1,0,0,0,1,1
2134,1,1,1,1,1,1,1,1
2136,0,3,3,3,3,3,3,3
2137,0,1,1,0,1,1,1,0
2138,0,0,1,0,0,0,0,0
2139,1,1,1,0,1,0,0,0
2140,1,0,1,0,0,0,1,1
2142,0,0,0,0,0,3,3,3
2143,0,3,1,0,0,0,1,0
2144,2,2,2,2,2,2,2,2
2145,1,1,1,1,1,1,1,1
2146,5,5,5,5,5,5,5,5
2148,3,5,5,2,5,5,1,1
2149,3,3,3,3,1,1,1,1
2150,0,3,1,0,0,1,1,1
2151,3,1,3,3,3,1,3,3
2152,0,0,0,0,0,0,0,0
2153,1,1,1,1,1,1,1,1
2154,0,1,1,1,0,1,1,0
2155,3,1,1,3,3,3,3,3
2156,0,0,0,0,0,0,0,0
2157,3,1,1,1,0,1,1,1
2158,1,1,1,1,1,1,1,1
2159,0,0,0,0,0,0,0,0
2160,1,1,0,0,0,0,1,0
2161,2,2,2,2,2,2,2,2
2162,0,1,1,0,0,0,0,0
2163,1,1,1,1,1,1,1,1
2164,2,2,2,2,2,2,2,2
2165,1,2,2,2,2,2,2,2
2167,1,2,2,2,2,2,2,2
2168,1,2,2,2,2,2,2,2
2169,2,2,2,2,2,2,2,2
2171,1,1,1,1,1,1,1,1
2172,1,1,1,1,1,1,1,1
2173,1,1,1,1,1,1,2,2
2174,1,1,1,1,1,1,1,1
2175,1,1,1,1,1,1,1,1
2176,1,1,1,1,1,1,1,1
2177,2,2,2,2,2,2,2,2
2178,1,0,0,1,1,1,1,1
2179,1,1,1,1,1,1,1,1
2180,1,1,1,1,1,1,1,1
2181,1,0,0,0,0,0,0,0
2182,1,1,1,1,1,1,1,1
2183,1,1,1,1,1,1,1,1
2184,1,1,1,1,1,1,1,1
2185,1,1,0,0,1,0,1,0
2186,2,2,2,2,2,2,2,2
2187,3,3,3,3,3,3,3,3
2188,2,2,2,2,2,2,2,2
2189,1,1,1,1,1,1,1,1
2190,2,2,2,2,2,2,2,2
2191,3,3,3,3,3,3,3,3
2192,2,2,2,2,2,2,2,2
2193,2,2,2,2,2,2,2,2
2194,3,3,3,3,3,3,3,3
2195,3,3,3,3,3,3,3,3
2196,0,3,3,0,0,1,0,0
2197,0,0,0,0,0,0,0,0
2198,3,3,0,0,0,0,0,3
2199,3,3,3,3,3,3,3,1
2200,3,3,0,3,3,3,3,3
2201,3,3,3,3,3,3,3,3
2202,3,3,3,3,3,3,3,3
2203,3,3,3,3,3,3,3,3
2204,3,3,3,3,3,3,3,3
2205,3,3,1,3,0,1,1,1
2206,3,3,3,3,3,3,3,3
2207,0,0,0,0,0,0,0,0
2208,3,3,3,3,3,3,3,3
2210,2,2,2,2,2,2,2,2
2211,2,5,2,1,1,1,1,1
2212,3,3,3,3,3,3,3,3
2213,0,0,3,3,0,0,0,0
2215,3,3,3,3,3,3,3,3
2216,5,5,5,5,5,5,5,5
2217,5,5,5,5,5,5,5,5
2218,5,5,5,5,5,5,5,5
2219,5,5,5,5,5,5,5,5
2220,5,5,5,5,5,5,5,5
2221,5,5,5,5,5,5,5,5
2222,5,5,5,5,5,5,5,5
2223,5,5,5,5,5,5,5,5
2224,5,5,5,5,5,5,5,5
2225,5,5,5,5,5,5,5,5
2226,5,5,5,5,5,5,5,5
2227,5,5,5,5,5,5,5,5
2228,5,5,5,5,5,5,5,5
2229,5,5,5,5,5,5,5,5
2230,5,5,5,5,5,5,5,5
2231,5,5,5,2,2,5,2,2
2232,5,5,5,5,5,5,5,5
2233,5,5,5,5,5,5,5,5
2234,5,5,5,5,5,5,5,5
2235,5,5,5,5,5,5,5,5
2236,5,5,5,5,5,5,5,5
2237,2,2,2,2,2,2,2,2
2238,5,5,5,5,5,5,5,5
2241,5,5,5,5,5,5,5,5
2242,5,5,5,5,5,5,5,5
2243,5,5,5,5,5,5,5,5
2244,7,7,7,7,7,7,7,7
2245,5,5,5,5,5,5,5,5
2248,5,5,5,5,5,5,5,5
2249,5,7,5,5,5,7,5,5
2250,7,7,7,7,7,7,7,7
2251,2,2,2,2,2,2,2,2
2252,2,2,2,2,2,2,2,2
2253,1,1,1,1,1,1,1,1
2254,0,0,0,0,0,0,0,0
2255,0,0,0,0,0,0,0,0
2256,0,0,0,0,0,0,0,0
2257,0,0,0,0,0,0,0,0
2258,0,0,0,0,0,0,0,0
2259,0,0,0,0,0,0,0,0
2260,0,0,0,0,0,0,0,0
2262,0,0,0,0,0,0,0,0
2264,1,1,1,0,0,0,0,0
2265,0,0,0,0,0,0,0,0
2266,0,0,0,0,0,0,0,0
2267,0,0,0,0,0,0,0,0
2268,0,0,0,0,0,0,0,0
2269,0,0,0,0,0,0,0,0
2270,0,0,0,0,0,0,0,0
2271,0,0,0,0,0,0,0,0
2272,1,1,1,1,1,1,1,1
2274,0,0,0,0,0,0,0,1
2275,2,2,2,2,2,2,2,2
2276,1,1,1,1,1,1,1,1
2278,1,1,1,1,1,1,1,1
2279,2,2,2,2,2,2,2,2
2280,2,2,2,2,2,2,2,2
2281,2,2,2,2,2,2,2,2
2282,2,2,2,2,2,2,2,2
2286,3,2,2,2,2,2,2,2
2287,1,1,1,1,1,1,1,1
2288,2,2,2,2,2,2,2,2
2289,2,2,2,2,2,2,2,2
2292,1,1,1,1,0,1,1,1
2293,1,1,1,1,1,1,1,1
2294,0,0,0,1,1,0,0,1
2295,3,0,3,3,3,3,0,3
2296,1,1,1,1,1,1,1,1
2297,1,1,1,1,1,1,1,1
2298,1,1,1,1,1,1,1,1
2299,1,1,1,1,1,1,1,1
2300,1,1,1,1,1,1,1,1
2301,1,1,1,1,1,1,1,1
2302,1,1,1,1,0,1,0,1
2303,1,1,1,1,1,1,1,2
2304,1,1,1,1,1,1,1,1
2305,0,0,0,0,0,0,0,0
2307,0,0,0,0,0,1,0,0
2308,0,0,0,0,0,0,0,0
2309,1,0,0,0,0,0,0,1
2310,1,1,1,1,1,1,1,1
2311,1,2,2,2,2,2,2,2
2312,2,2,2,2,2,2,2,2
2314,1,1,1,1,1,1,1,1
2315,1,0,0,0,0,1,0,0
2316,1,1,1,1,1,1,1,1
2317,0,0,0,0,0,1,0,0
2318,2,2,2,2,2,2,2,2
2320,2,2,2,2,2,2,2,2
2321,1,1,0,1,1,1,1,1
2322,1,1,1,1,1,1,1,1
2323,0,0,0,0,0,0,0,0
2324,1,1,1,1,1,1,1,1
2325,1,1,1,1,1,1,1,1
2326,1,1,1,1,1,1,1,1
2327,1,1,1,1,1,1,1,1
2328,1,1,1,1,1,1,1,1
2329,1,1,1,1,1,1,1,1
2330,1,1,1,1,1,1,1,1
2332,1,1,0,0,1,1,1,1
2333,1,2,2,2,2,2,2,2
2334,1,1,1,3,3,1,1,2
2335,1,1,2,2,2,2,2,2
2336,1,2,2,2,2,2,2,2
2337,2,2,2,2,2,2,2,2
2338,5,5,5,5,5,5,5,5
2339,3,3,3,5,2,3,3,2
2340,3,2,2,2,2,2,2,2
2341,5,5,5,5,5,5,5,5
2342,3,3,3,3,3,3,3,3
2343,3,3,3,2,2,2,2,2
2344,7,7,4,7,7,7,4,7
2345,7,7,7,7,7,7,7,7
2348,7,7,7,7,7,7,7,7
2349,7,7,7,7,7,7,7,7
2351,6,6,6,6,6,6,6,6
2352,6,6,6,6,6,6,6,6
2353,6,6,6,6,6,6,6,6
2354,6,6,6,6,6,6,6,6
2355,6,6,6,6,6,6,6,6
2356,6,6,6,6,6,6,6,6
2357,6,6,6,6,6,6,6,6
2358,6,6,6,6,6,6,6,6
2359,6,6,6,6,6,6,6,6
2360,6,6,6,6,6,6,6,6
2361,6,6,6,6,6,6,6,6
2362,5,6,6,6,6,6,6,6
2363,6,6,6,6,6,6,6,6
2364,6,6,6,6,6,6,6,6
2365,6,6,6,6,6,6,6,6
2366,6,6,6,6,6,6,6,6
2367,6,6,6,6,6,6,6,6
2368,6,6,6,6,6,6,6,6
2369,6,6,6,6,6,6,6,6
2370,6,6,6,6,6,6,6,6
2371,6,6,6,6,6,6,6,6
2372,6,6,6,6,6,6,6,6
2373,6,6,6,6,6,6,6,6
2374,6,6,6,6,6,6,6,6
2375,6,6,6,6,6,6,6,6
2376,6,6,6,6,6,6,6,6
2377,6,6,6,6,6,6,6,6
2378,6,6,6,6,6,6,6,6
2379,6,6,6,6,6,6,6,6
2380,6,6,6,6,6,6,6,6
2381,6,6,6,6,6,6,6,6
2382,6,6,6,6,6,6,6,6
2383,6,6,6,6,6,6,6,6
2384,6,6,6,6,6,6,6,6
2385,6,6,6,6,6,6,6,6
2386,6,6,6,6,6,6,6,6
2387,6,6,6,6,6,6,6,6
2388,6,6,6,6,6,6,6,6
2389,6,6,6,6,6,6,6,6
2390,6,6,6,6,6,6,6,6
2391,6,6,6,6,6,6,6,6
2392,6,6,6,6,6,6,6,6
2393,2,2,2,2,2,2,2,6
2395,2,2,2,2,2,2,2,2
2398,6,6,6,6,6,6,6,6
2399,6,6,6,6,6,6,6,6
2400,6,6,6,6,6,6,6,6
2401,6,6,6,6,6,6,6,6
2402,6,6,6,6,6,6,6,6
2403,6,6,6,6,6,6,6,6
2404,6,6,6,6,6,6,6,6
2405,6,6,6,6,6,6,6,6
2406,6,6,6,6,6,6,6,6
2407,6,6,6,6,6,6,6,6
2408,6,6,6,6,6,6,6,6
2409,6,6,6,6,6,6,6,6
2410,2,6,2,6,6,6,2,6
2411,2,4,4,4,4,4,4,4
2412,4,4,4,4,4,4,4,4
2416,6,6,6,6,6,6,6,6
2422,2,6,6,6,6,6,6,6
2423,6,6,6,6,6,6,6,6
2424,6,6,6,6,6,6,6,6
2425,6,6,6,6,6,6,6,6
2426,6,6,6,6,6,6,6,6
2427,6,6,6,6,6,6,6,6
2428,6,6,6,6,6,6,6,6
2429,6,6,6,6,6,6,6,6
2430,6,6,6,6,6,6,6,6
2431,6,6,6,6,6,6,6,6
2432,6,6,6,6,6,6,6,6
2433,6,6,6,6,6,6,6,6
2434,6,6,6,6,6,6,6,6
2435,6,6,6,6,6,6,6,6
2436,6,6,6,6,6,6,6,6
2437,6,6,6,6,6,6,6,6
2439,6,6,6,6,6,6,6,6
2440,6,6,6,6,6,6,6,6
2441,6,6,6,6,6,6,6,6
2442,6,6,6,6,6,6,6,6
2443,6,6,6,6,6,6,6,6
2444,6,6,6,6,6,6,6,6
2445,6,6,6,6,6,6,6,6
2446,6,6,6,6,6,6,6,6
2447,6,6,6,6,6,6,6,6
2449,6,6,6,6,6,6,6,6
2450,6,6,6,6,6,6,6,6
2451,6,6,6,6,6,6,6,6
2452,6,6,6,6,6,6,6,6
2453,6,6,6,6,6,6,6,6
2454,6,6,6,6,6,6,6,6
2455,6,6,6,6,6,6,6,6
2456,6,6,6,6,6,6,6,6
2457,6,6,6,6,6,6,6,6
2458,6,6,6,6,6,6,6,6
2459,6,6,6,6,6,6,6,6
2460,6,6,6,6,6,6,6,6
2461,6,6,6,6,6,6,6,6
2462,4,4,4,4,4,4,4,4
2463,4,4,4,4,4,4,4,4
2464,4,4,4,4,4,4,4,4
2465,2,4,4,4,4,4,4,4
2466,4,4,4,4,4,4,4,4
2467,4,4,4,4,4,4,4,4
2468,4,4,4,4,4,4,4,4
2469,4,4,4,4,4,4,4,4
2470,4,4,4,4,4,4,4,4
2471,4,4,4,4,4,4,4,4
2472,4,4,4,4,4,4,4,4
2473,4,4,4,4,4,4,4,4
2474,4,4,4,4,4,4,4,4
2475,4,4,4,4,4,4,4,4
2476,4,4,4,4,4,4,4,4
2477,4,4,4,4,4,4,4,4
2478,4,4,4,4,4,4,4,4
2479,4,4,4,4,4,4,4,4
2480,4,4,4,4,4,4,4,4
2481,4,4,4,4,4,4,4,4
2482,4,4,4,4,4,4,4,4
2483,4,4,4,4,4,4,4,4
2484,4,4,4,4,4,4,4,4
2485,4,4,4,4,4,4,4,4
2486,4,4,4,4,4,4,4,4
2487,4,4,4,4,4,4,4,4
2488,4,4,4,4,4,4,4,4
2489,4,4,4,4,4,4,4,4
2490,4,4,4,4,4,4,4,4
2491,4,4,4,4,4,4,4,4
2492,4,4,4,4,4,4,4,4
2493,4,4,4,4,4,4,4,4
2494,4,4,4,4,4,4,4,4
2495,4,4,4,4,4,4,4,4
2496,4,4,4,4,4,4,4,4
2497,4,4,4,4,4,4,4,4
2498,4,4,4,4,4,4,4,4
2499,4,4,4,4,4,4,4,4
2500,4,4,4,4,4,4,4,4
2501,4,4,4,4,4,4,4,4
2502,4,4,4,4,4,4,4,4
2503,4,4,4,4,4,4,4,4
2504,4,4,4,4,4,4,4,4
2505,4,4,4,4,4,4,4,4
2506,4,4,4,4,4,4,4,4
2507,4,4,4,4,4,4,4,4
2508,4,4,4,4,4,4,4,4
2509,4,4,4,4,4,4,4,4
2510,4,4,4,4,4,4,4,4
2511,4,4,4,4,4,4,4,4
2512,4,4,4,4,4,4,4,4
2513,4,4,4,4,4,4,4,4
2514,4,4,4,4,4,4,4,4
2515,4,4,4,4,4,4,4,4
2516,4,4,4,4,4,4,4,4
2517,4,4,4,4,4,4,4,4
2518,4,4,4,4,4,4,4,4
2519,4,4,4,4,4,4,4,4
2520,4,4,4,4,4,4,4,4
2521,4,4,4,4,4,4,4,4
2522,4,4,4,4,4,4,4,4
2523,4,4,4,4,4,4,4,4
2524,4,4,4,4,4,4,4,4
2525,4,4,4,4,4,4,4,4
2526,4,4,4,4,4,4,4,4
2527,4,4,4,4,4,4,4,4
2528,4,4,4,4,4,4,4,4
2529,4,4,4,4,4,4,4,4
2530,4,4,4,4,4,4,4,4
2531,4,4,4,4,4,4,4,4
2532,4,4,4,4,4,4,4,4
2533,4,4,4,4,4,4,4,4
2534,4,4,4,4,4,4,4,4
2535,4,4,4,4,4,4,4,4
2536,4,4,4,4,4,4,4,4
2537,4,4,4,4,4,4,4,4
2538,4,4,4,4,4,4,4,4
2539,4,4,4,4,4,4,4,4
2540,4,4,4,4,4,4,4,4
2541,4,4,4,4,4,4,4,4
2542,4,4,4,4,4,4,4,4
2543,4,4,4,4,4,4,4,4
2544,4,4,4,4,4,4,4,4
2545,4,4,4,4,4,4,4,4
2546,4,4,4,4,4,4,4,4
2547,4,4,4,4,4,4,4,4
2548,4,4,4,4,4,4,4,4
2549,4,4,4,4,4,4,4,4
2550,4,4,4,4,4,4,4,4
2551,4,4,4,4,4,4,4,4
2552,4,4,4,4,4,4,4,4
2553,4,4,4,4,4,4,4,4
2554,4,4,4,4,4,4,4,4
2555,4,4,4,4,4,4,4,4
2556,4,4,4,4,4,4,4,4
2557,4,4,4,4,4,4,4,4
2558,4,4,4,4,4,4,4,4
2559,4,4,4,4,4,4,4,4
2560,4,4,4,4,4,4,4,4
2561,4,4,4,4,4,4,4,4
2562,4,4,4,4,4,4,4,4
2563,4,4,4,4,4,4,4,4
2564,4,4,4,4,4,4,4,4
2565,4,4,4,4,4,4,4,4
2566,4,4,4,4,4,4,4,4
2567,4,4,4,4,4,4,4,4
2568,4,4,4,4,4,4,4,4
2569,4,4,4,4,4,4,4,4
2570,4,4,4,4,4,4,4,4
2571,4,4,4,4,4,4,4,4
2572,4,4,4,4,4,4,4,4
2573,4,4,4,4,4,4,4,4
2574,4,4,4,4,4,4,4,4
2575,4,4,4,4,4,4,4,4
2576,4,4,4,4,4,4,4,4
2577,4,4,4,4,4,4,4,4
2578,4,4,4,4,4,4,4,4
2579,4,4,4,4,4,4,4,4
2580,4,4,4,4,4,4,4,4
2581,4,4,4,4,4,4,4,4
2582,4,4,4,4,4,4,4,4
2583,4,4,4,4,4,4,4,4
2584,4,4,4,4,4,4,4,4
2585,4,4,4,4,4,4,4,4
2586,4,4,4,4,4,4,4,4
2587,4,4,4,4,4,4,4,4
2588,4,4,4,4,4,4,4,4
2589,4,4,4,4,4,4,4,4
2590,4,4,4,4,4,4,4,4
2591,2,2,2,2,2,2,2,2
2592,4,4,4,4,4,4,4,4
2593,2,2,1,1,1,2,2,2
2595,2,2,2,2,2,2,2,2
2596,2,2,2,2,2,2,2,2
2597,2,2,2,4,4,2,2,4
2598,2,2,2,2,2,2,2,2
2599,4,4,4,4,4,4,4,4
2600,4,4,4,4,4,4,4,4
2601,2,2,2,2,2,2,2,2
2602,4,4,4,4,4,4,4,4
2604,4,4,4,4,4,4,4,4
2605,4,4,4,4,4,4,4,4
2606,2,4,4,4,4,4,4,4
2607,2,2,2,2,2,2,2,2
2618,1,1,1,0,1,1,1,0
2619,2,2,2,2,2,2,2,2
2620,2,2,2,2,2,2,2,2
2621,2,2,2,2,2,2,2,2
2644,2,2,2,2,2,2,2,2
2646,2,2,2,2,4,2,2,2
2647,2,2,2,2,2,2,2,2
2648,2,2,2,2,2,2,2,2
2649,4,4,4,4,4,4,4,4
2651,4,4,4,4,4,4,4,4
2652,2,2,2,2,2,2,2,2
2710,2,2,2,2,2,2,2,2
2808,2,2,2,2,2,2,2,2
2809,2,2,2,2,2,2,2,2
2813,2,2,2,2,2,2,2,2
2814,4,4,4,4,4,4,4,4
2872,5,5,5,5,5,5,5,5
2876,2,2,2,2,2,2,2,2
2879,5,5,5,5,5,5,5,5
2880,5,5,5,5,5,5,5,5
2881,2,2,2,2,2,2,2,2
2882,5,5,5,5,5,5,5,5
2883,2,2,2,2,2,2,2,2
2884,2,2,2,2,2,2,2,2
2885,3,3,3,3,3,3,3,3
2886,1,1,1,1,1,1,1,1
2887,2,2,2,2,2,2,2,2
3005,2,2,2,2,2,2,2,2
3007,3,3,3,3,3,3,3,3
3009,2,2,2,2,2,2,2,2
3011,2,2,2,2,2,2,2,2
3012,1,0,1,1,1,1,1,1
3013,2,2,2,2,2,2,2,4
