вариант,seed,итоговый тип,МО,неизменная метка во всех окнах,во всех окнах итоговый тип,k-means: неизменная метка
все 12 признаков (как в windows.py),42,0,527,0.3624,0.3624,0.0455
все 12 признаков (как в windows.py),42,1,439,0.4055,0.3599,0.1139
все 12 признаков (как в windows.py),42,2,366,0.6393,0.6366,0.7568
все 12 признаков (как в windows.py),42,3,270,0.1037,0.0778,0.1148
все 12 признаков (как в windows.py),42,4,164,0.9573,0.9573,1.0
все 12 признаков (как в windows.py),42,5,111,0.0811,0.0631,0.0901
все 12 признаков (как в windows.py),42,6,99,0.8586,0.8586,0.9899
все 12 признаков (как в windows.py),42,7,40,0.625,0.625,0.025
все 12 признаков (как в windows.py),43,0,527,0.3454,0.3454,0.0664
все 12 признаков (как в windows.py),43,1,439,0.4009,0.3576,0.0888
все 12 признаков (как в windows.py),43,2,366,0.6831,0.6803,0.7678
все 12 признаков (как в windows.py),43,3,270,0.0481,0.0222,0.1074
все 12 признаков (как в windows.py),43,4,164,0.9756,0.9756,1.0
все 12 признаков (как в windows.py),43,5,111,0.0721,0.0631,0.2342
все 12 признаков (как в windows.py),43,6,99,0.8485,0.8485,0.9899
все 12 признаков (как в windows.py),43,7,40,0.625,0.625,0.05
все 12 признаков (как в windows.py),44,0,527,0.3283,0.3283,0.0436
все 12 признаков (как в windows.py),44,1,439,0.3986,0.3736,0.1162
все 12 признаков (как в windows.py),44,2,366,0.7268,0.724,0.724
все 12 признаков (как в windows.py),44,3,270,0.163,0.1333,0.137
все 12 признаков (как в windows.py),44,4,164,0.9817,0.9817,1.0
все 12 признаков (как в windows.py),44,5,111,0.009,0.0,0.0901
все 12 признаков (как в windows.py),44,6,99,0.8586,0.8586,0.9899
все 12 признаков (как в windows.py),44,7,40,0.65,0.65,0.025
"без полугодовых контрастов (growth_rel, mp_shift)",42,0,527,0.1006,0.0816,0.0987
"без полугодовых контрастов (growth_rel, mp_shift)",42,1,439,0.2528,0.2346,0.4556
"без полугодовых контрастов (growth_rel, mp_shift)",42,2,366,0.7322,0.7295,0.8224
"без полугодовых контрастов (growth_rel, mp_shift)",42,3,270,0.1407,0.0667,0.3963
"без полугодовых контрастов (growth_rel, mp_shift)",42,4,164,0.9939,0.9939,1.0
"без полугодовых контрастов (growth_rel, mp_shift)",42,5,111,0.1712,0.1171,0.5135
"без полугодовых контрастов (growth_rel, mp_shift)",42,6,99,0.8788,0.8788,1.0
"без полугодовых контрастов (growth_rel, mp_shift)",42,7,40,0.15,0.1,0.8
"без полугодовых контрастов (growth_rel, mp_shift)",43,0,527,0.1594,0.1499,0.0626
"без полугодовых контрастов (growth_rel, mp_shift)",43,1,439,0.4214,0.4077,0.467
"без полугодовых контрастов (growth_rel, mp_shift)",43,2,366,0.7814,0.7623,0.8169
"без полугодовых контрастов (growth_rel, mp_shift)",43,3,270,0.2556,0.1333,0.4074
"без полугодовых контрастов (growth_rel, mp_shift)",43,4,164,0.9634,0.9634,1.0
"без полугодовых контрастов (growth_rel, mp_shift)",43,5,111,0.5405,0.5045,0.4054
"без полугодовых контрастов (growth_rel, mp_shift)",43,6,99,0.0101,0.0,1.0
"без полугодовых контрастов (growth_rel, mp_shift)",43,7,40,0.525,0.525,0.8
"без полугодовых контрастов (growth_rel, mp_shift)",44,0,527,0.1556,0.1518,0.093
"без полугодовых контрастов (growth_rel, mp_shift)",44,1,439,0.3804,0.3713,0.4784
"без полугодовых контрастов (growth_rel, mp_shift)",44,2,366,0.7732,0.7596,0.8306
"без полугодовых контрастов (growth_rel, mp_shift)",44,3,270,0.237,0.1333,0.4074
"без полугодовых контрастов (growth_rel, mp_shift)",44,4,164,0.9512,0.9512,1.0
"без полугодовых контрастов (growth_rel, mp_shift)",44,5,111,0.5225,0.4955,0.5135
"без полугодовых контрастов (growth_rel, mp_shift)",44,6,99,0.0101,0.0,1.0
"без полугодовых контрастов (growth_rel, mp_shift)",44,7,40,0.5,0.5,0.8
