territory_id,итоговый тип,смен типа между окнами,тип в окне 2023,тип в окне 2024,устойчивый переход,надёжность типа
1,2,0,2,2,False,0.907
2,1,1,1,0,False,0.585
3,1,2,1,1,False,1.0
4,3,1,3,0,False,0.614
5,3,1,0,3,True,0.275
6,2,2,2,2,False,0.766
7,2,0,2,2,False,0.951
8,2,0,2,2,False,0.95
9,0,2,0,0,False,0.643
10,2,2,2,3,False,0.949
11,3,2,3,3,False,0.614
12,2,2,2,3,False,0.952
13,3,2,3,3,False,0.844
14,3,2,3,3,False,0.841
15,3,3,2,3,False,0.775
16,3,2,3,3,False,0.825
17,3,2,3,3,False,0.837
18,3,3,2,3,False,0.73
19,0,1,0,3,False,0.65
20,3,2,3,3,False,0.902
21,2,0,2,2,False,1.0
22,1,2,1,1,False,0.907
23,2,2,2,2,False,0.825
25,2,0,2,2,False,1.0
26,2,0,2,2,False,1.0
27,2,0,2,2,False,1.0
28,2,0,2,2,False,0.946
29,2,0,2,2,False,1.0
30,3,1,3,1,False,0.5
31,0,2,1,0,False,0.641
32,0,2,0,1,False,0.882
33,0,2,0,0,False,0.775
34,0,2,1,0,False,0.667
35,3,0,3,3,False,0.639
36,0,2,1,0,False,0.821
37,0,1,3,0,False,0.854
38,2,0,2,2,False,0.853
39,3,1,3,1,True,0.574
40,2,3,3,2,True,0.865
41,0,1,3,0,False,0.81
42,2,0,2,2,False,0.865
43,0,2,1,1,False,0.805
44,2,2,2,2,False,0.881
45,0,1,3,0,False,0.675
46,0,1,3,0,False,0.805
47,3,1,3,0,False,0.459
48,0,1,3,0,False,0.684
49,1,0,1,1,False,0.81
50,3,2,3,3,False,0.78
51,2,2,2,2,False,0.575
52,0,0,0,0,False,0.784
53,3,0,3,3,False,0.75
54,3,4,3,0,False,0.667
55,2,0,2,2,False,0.732
56,0,2,1,0,False,0.795
57,2,0,2,2,False,0.975
58,1,3,1,1,False,0.525
59,0,1,3,0,False,0.714
60,1,0,1,1,False,0.975
61,3,1,3,1,False,0.463
62,1,1,3,1,False,0.721
63,0,1,3,0,False,0.795
65,1,3,1,1,False,0.514
66,2,0,2,2,False,0.973
67,3,1,3,0,False,0.714
68,0,1,3,0,False,0.949
69,0,2,3,1,False,0.878
70,1,4,1,1,False,0.694
71,3,1,3,0,False,0.703
72,0,2,0,0,False,0.762
73,2,0,2,2,False,1.0
74,0,1,3,0,False,0.821
75,2,0,2,2,False,0.946
76,2,0,2,2,False,1.0
77,2,0,2,2,False,0.944
78,0,2,0,0,False,0.821
79,3,2,3,3,False,0.658
80,0,2,3,1,False,0.69
81,2,2,2,2,False,0.756
82,0,2,1,0,False,0.714
83,3,1,3,1,False,0.325
167,2,0,2,2,False,0.944
168,0,0,0,0,False,1.0
169,1,0,0,0,False,0.78
173,0,0,0,0,False,1.0
181,0,0,0,0,False,1.0
184,0,4,0,0,False,0.974
185,0,0,0,0,False,0.951
188,0,2,0,0,False,0.93
191,0,4,0,0,False,0.929
194,2,2,2,2,False,0.474
195,0,0,0,0,False,0.875
196,3,2,2,3,True,0.556
198,0,0,0,0,False,0.974
201,0,2,2,0,False,0.794
203,0,3,1,0,True,0.842
204,0,0,0,0,False,0.977
205,0,2,0,0,False,0.917
206,6,2,6,2,False,0.385
207,5,2,5,5,False,0.857
208,5,1,5,1,False,0.59
209,3,1,5,2,False,0.525
210,1,2,1,1,False,0.718
211,5,1,5,1,False,0.361
212,2,2,1,2,False,0.405
213,5,3,5,2,False,0.462
214,1,0,1,1,False,0.692
215,3,3,3,3,False,0.698
216,1,0,1,1,False,0.684
217,5,3,5,2,False,0.514
218,5,2,5,5,False,0.884
219,1,0,1,1,False,0.865
220,3,1,3,1,False,0.6
221,5,3,5,1,False,0.6
222,2,4,2,2,False,0.95
223,1,0,1,1,False,0.829
224,5,3,5,2,False,0.69
225,5,2,5,5,False,0.902
226,5,0,5,5,False,0.955
227,5,2,5,5,False,0.902
228,5,2,5,5,False,0.85
229,5,2,5,5,False,0.9
230,3,3,3,3,False,0.721
231,3,2,1,1,False,0.475
232,3,1,3,0,False,0.41
233,3,2,1,1,False,0.537
234,5,2,5,5,False,0.865
235,1,2,1,0,False,0.881
236,5,3,1,5,True,0.543
237,5,2,2,2,False,0.595
238,1,2,1,0,False,0.927
239,1,0,1,1,False,0.738
240,3,4,1,1,False,0.667
241,1,0,1,1,False,0.763
242,3,1,3,1,False,0.488
243,3,2,3,3,False,0.571
269,2,0,2,2,False,0.929
270,1,0,1,1,False,0.805
271,1,0,1,1,False,0.825
272,1,1,3,1,False,0.929
273,0,2,0,0,False,0.93
274,1,0,1,1,False,0.804
275,0,3,3,1,False,0.9
276,0,2,1,1,False,0.61
277,0,2,0,0,False,0.789
278,2,0,2,2,False,0.947
279,1,3,1,1,False,0.421
280,0,3,1,1,False,0.789
281,0,4,1,1,False,0.657
282,0,3,0,1,False,0.789
283,1,2,1,1,False,0.921
284,1,0,1,1,False,0.947
285,0,2,0,0,False,1.0
287,0,0,0,0,False,0.976
288,0,0,0,0,False,0.975
289,0,0,0,0,False,0.976
290,0,0,0,0,False,1.0
292,0,2,0,0,False,1.0
293,0,0,0,0,False,0.977
294,0,2,0,0,False,0.943
295,0,0,0,0,False,0.977
296,0,2,0,0,False,0.975
297,0,0,0,0,False,0.974
298,1,1,1,0,False,0.773
300,0,2,0,0,False,0.974
301,2,4,3,2,False,0.767
302,0,0,0,0,False,0.971
303,1,0,1,1,False,0.75
304,0,0,0,0,False,0.976
305,0,0,0,0,False,0.974
306,0,0,0,0,False,0.977
307,1,2,0,0,False,0.39
308,1,3,1,0,False,0.789
309,7,3,7,5,False,0.595
312,5,0,5,5,False,0.895
314,7,3,7,3,False,0.561
316,7,0,7,7,False,1.0
317,7,3,7,3,False,0.406
318,7,0,7,7,False,0.974
319,7,0,7,7,False,1.0
320,7,3,7,3,False,0.523
321,3,3,3,3,False,0.477
323,7,0,7,7,False,0.905
324,7,3,7,3,False,0.568
325,5,2,5,5,False,0.85
326,7,3,7,3,False,0.41
327,5,2,5,5,False,0.941
329,7,3,7,3,False,0.538
330,5,2,5,5,False,0.902
331,7,0,7,7,False,0.976
332,7,0,7,7,False,0.933
333,7,3,7,5,False,0.528
334,7,0,7,7,False,0.974
335,7,0,7,7,False,0.974
336,7,3,7,3,False,0.545
337,7,3,7,3,False,0.5
338,7,2,7,7,False,0.811
339,7,3,7,3,False,0.512
340,7,2,7,7,False,0.814
341,7,0,7,7,False,0.973
342,5,2,5,3,False,0.641
343,7,3,7,3,False,0.568
345,2,0,2,2,False,0.971
346,2,2,2,2,False,0.805
347,0,3,2,0,False,0.778
348,0,0,0,0,False,0.902
349,0,0,0,0,False,0.974
351,2,3,2,2,False,0.816
352,2,2,2,2,False,0.872
354,2,0,2,2,False,0.923
355,2,0,2,2,False,1.0
356,1,0,1,1,False,0.972
357,1,0,1,1,False,0.977
358,0,3,3,0,False,0.976
359,0,2,1,0,False,0.619
360,1,2,1,1,False,0.85
361,0,1,3,0,False,0.814
362,2,0,2,2,False,1.0
363,0,2,0,0,False,0.854
364,0,1,3,0,False,0.9
365,0,2,0,0,False,0.857
366,1,3,1,1,False,0.762
367,0,1,3,0,False,0.944
368,2,0,2,2,False,0.975
369,0,1,3,0,False,0.78
370,1,2,1,1,False,0.974
371,2,0,2,2,False,0.947
372,0,0,0,0,False,1.0
373,2,0,2,2,False,0.975
374,2,2,2,2,False,0.703
375,2,0,2,2,False,1.0
376,0,3,3,0,False,0.833
377,0,2,0,0,False,0.842
378,0,1,3,0,False,0.714
379,2,0,2,2,False,1.0
380,2,0,2,2,False,0.927
381,0,2,1,0,False,0.763
382,1,0,1,1,False,0.976
383,1,0,1,1,False,0.95
384,0,0,0,0,False,0.762
385,2,0,2,2,False,1.0
386,0,2,0,0,False,0.857
387,1,2,1,0,False,0.722
388,2,0,2,2,False,0.927
390,0,2,1,0,False,0.775
391,0,1,1,0,False,0.564
392,1,3,1,0,False,0.595
393,1,2,1,0,False,0.488
395,0,2,0,0,False,0.838
396,0,2,1,0,False,0.711
397,2,2,2,2,False,0.718
398,1,3,1,1,False,0.636
401,3,2,3,3,False,0.689
402,3,2,3,3,False,0.8
403,3,2,3,3,False,0.829
404,3,0,3,3,False,0.75
405,2,3,3,3,False,0.738
408,3,2,3,3,False,0.718
410,3,3,3,3,False,0.553
413,3,3,2,3,False,0.651
414,3,2,3,3,False,0.744
416,3,3,3,3,False,0.61
418,2,0,2,2,False,1.0
419,2,0,2,2,False,0.952
420,2,2,2,2,False,0.919
421,2,3,2,2,False,0.7
422,2,0,2,2,False,0.949
423,0,2,0,0,False,0.951
424,1,2,1,0,False,0.526
425,0,2,1,0,False,0.923
428,0,2,0,0,False,0.975
429,0,2,1,0,False,0.86
430,2,0,2,2,False,0.977
431,1,2,1,0,False,0.864
432,1,2,1,1,False,0.87
433,0,2,0,0,False,0.795
434,0,2,0,0,False,1.0
435,0,2,1,0,False,0.923
436,0,2,0,0,False,0.872
437,0,2,1,0,False,1.0
438,0,2,0,0,False,0.952
440,2,3,1,2,False,0.605
441,0,2,0,0,False,0.923
442,0,1,3,0,False,0.9
443,3,4,1,2,False,0.643
444,0,2,1,0,False,0.833
445,0,2,1,0,False,0.938
446,0,2,1,0,False,0.95
447,0,2,1,0,False,0.698
448,2,0,2,2,False,0.978
449,3,2,3,3,False,0.667
450,3,2,2,2,False,0.45
451,1,0,1,1,False,0.688
452,2,0,2,2,False,0.703
453,3,3,3,1,False,0.757
455,3,2,3,3,False,0.805
456,0,2,0,0,False,0.927
457,0,2,0,0,False,0.725
458,3,2,3,3,False,0.86
459,3,3,3,2,True,0.6
460,3,2,3,3,False,0.75
478,2,0,2,2,False,1.0
479,0,0,0,0,False,0.975
480,1,1,1,0,False,0.553
481,2,0,2,2,False,0.973
482,1,2,1,1,False,0.909
484,0,2,0,0,False,0.778
485,0,2,0,0,False,0.976
486,0,2,1,0,False,0.564
487,0,2,0,0,False,0.625
489,0,1,0,1,False,0.698
490,0,2,0,0,False,0.95
491,0,2,0,0,False,0.878
492,0,2,0,0,False,0.767
493,1,1,1,0,False,0.478
494,0,2,1,1,False,0.676
495,0,0,0,0,False,1.0
496,0,0,0,0,False,0.73
497,1,2,1,0,False,0.9
498,2,2,2,2,False,0.857
499,0,2,0,0,False,0.795
501,1,3,1,1,False,0.643
502,0,2,0,0,False,0.946
503,0,2,1,0,False,0.69
504,2,0,2,2,False,0.977
505,3,2,3,2,False,0.543
506,2,0,2,2,False,1.0
507,2,0,2,2,False,0.976
508,2,2,2,2,False,0.634
509,2,0,2,2,False,0.947
510,2,0,2,2,False,0.95
511,3,2,3,3,False,0.641
512,3,1,3,1,False,0.447
515,3,2,3,3,False,0.818
516,0,2,0,0,False,1.0
517,3,2,3,3,False,0.651
518,3,3,3,0,False,0.657
519,0,1,3,0,False,0.81
520,0,2,0,0,False,1.0
521,0,2,0,0,False,0.929
522,0,2,0,0,False,0.914
523,0,2,0,0,False,0.953
524,0,1,3,0,False,0.711
525,0,2,0,0,False,0.85
527,1,3,3,0,False,0.714
528,0,2,0,0,False,0.897
529,3,0,3,3,False,0.6
530,3,1,3,0,False,0.641
531,0,2,0,0,False,0.771
532,0,1,3,0,False,0.913
533,0,2,0,0,False,0.953
534,0,1,3,0,False,0.85
535,3,0,3,3,False,0.756
536,0,2,0,0,False,0.974
537,0,1,3,0,True,0.761
538,1,2,0,0,False,0.651
539,0,1,3,0,False,0.969
540,3,0,3,3,False,0.343
541,0,2,0,0,False,0.976
542,0,2,0,0,False,1.0
543,1,2,1,0,False,0.789
544,0,1,3,0,False,0.75
545,3,1,0,1,False,0.405
546,0,2,0,0,False,0.974
547,0,1,3,0,False,0.951
548,0,2,0,0,False,0.976
549,0,2,0,0,False,0.977
550,0,2,0,0,False,0.932
552,1,1,3,0,False,0.561
553,0,2,0,0,False,0.927
554,3,1,0,3,True,0.658
555,0,4,0,0,False,0.923
556,0,2,0,0,False,0.949
557,0,2,0,0,False,1.0
558,0,1,3,0,True,0.892
559,1,3,1,0,False,0.953
560,0,2,0,0,False,0.95
561,0,3,3,0,False,0.95
562,0,2,0,0,False,0.952
563,0,2,0,0,False,0.971
564,0,1,3,0,False,0.917
565,0,2,0,0,False,1.0
566,0,2,0,0,False,1.0
567,0,2,0,0,False,1.0
568,0,3,3,0,False,0.905
569,0,2,0,0,False,0.943
570,0,2,0,0,False,0.971
571,0,1,3,0,False,0.956
572,0,1,3,0,False,0.857
574,3,2,3,3,False,0.775
578,3,4,3,3,False,0.611
579,3,3,3,2,True,0.368
580,3,3,3,3,False,0.559
581,3,2,3,2,True,0.487
582,5,0,5,5,False,0.86
583,3,2,3,3,False,0.605
584,3,3,3,3,False,0.744
585,2,2,5,5,False,0.833
586,3,2,3,3,False,0.838
587,3,3,3,3,False,0.795
588,3,4,3,2,False,0.649
589,3,2,3,3,False,0.809
591,3,2,3,3,False,0.684
592,3,2,3,3,False,0.775
593,3,0,3,3,False,0.769
594,3,0,3,3,False,0.816
595,3,2,3,3,False,0.786
598,3,0,3,3,False,0.561
599,3,2,3,3,False,0.756
600,3,3,3,3,False,0.775
601,3,3,3,2,False,0.73
602,3,0,3,3,False,0.5
603,3,2,3,3,False,0.651
604,3,2,3,3,False,0.791
605,3,2,3,3,False,0.725
606,3,2,3,3,False,0.786
607,3,2,3,3,False,0.814
608,4,2,4,4,False,0.878
612,4,1,5,4,False,0.872
613,5,2,5,5,False,0.872
614,5,4,5,5,False,0.93
615,5,2,5,5,False,0.881
616,5,0,5,5,False,0.927
618,7,0,7,7,False,0.919
619,7,0,7,7,False,0.886
621,7,1,5,7,True,0.971
666,2,0,2,2,False,0.829
667,2,0,2,2,False,0.972
668,1,0,1,1,False,0.725
669,1,0,1,1,False,0.833
670,2,3,2,2,False,0.929
671,5,2,5,2,False,0.275
674,2,0,2,2,False,0.943
675,2,2,2,2,False,0.905
676,2,0,2,2,False,0.947
677,2,2,2,2,False,0.75
678,5,2,5,5,False,0.846
679,2,0,2,2,False,0.977
680,2,2,2,2,False,0.919
683,0,2,0,0,False,1.0
685,3,4,3,1,False,0.649
686,2,0,2,2,False,0.978
687,0,3,0,1,False,1.0
689,5,3,5,2,False,0.674
690,0,1,3,1,False,0.93
691,0,3,0,1,False,0.568
692,0,1,3,0,False,0.947
693,2,0,2,2,False,0.976
694,1,0,1,1,False,0.769
695,3,1,3,2,False,0.769
696,0,2,0,0,False,0.946
697,1,0,1,1,False,0.8
698,3,3,3,0,False,0.303
699,0,2,0,0,False,0.925
701,0,3,3,0,False,0.886
702,5,2,5,5,False,0.853
703,0,2,0,0,False,0.833
704,3,2,0,1,False,0.5
705,3,1,3,1,False,0.45
706,0,2,0,0,False,1.0
708,3,0,5,5,False,0.686
710,3,3,3,0,False,0.512
711,3,1,3,0,False,0.619
712,0,2,0,0,False,0.953
713,0,2,0,0,False,0.976
714,3,1,3,1,False,0.439
715,0,1,3,0,False,0.927
716,5,2,5,5,False,0.841
717,3,1,3,0,False,0.39
718,7,0,7,7,False,0.972
719,0,1,3,0,True,0.905
720,7,0,7,7,False,0.923
721,0,2,0,0,False,0.795
722,3,2,3,3,False,0.737
723,1,3,3,1,False,0.78
725,3,2,3,2,False,0.486
726,7,0,7,7,False,0.953
727,2,0,2,2,False,0.976
731,2,2,2,2,False,0.575
734,1,0,1,1,False,0.73
735,3,1,3,0,False,0.528
736,3,2,1,1,False,0.163
737,3,1,3,0,False,0.263
738,3,1,3,1,False,0.381
739,1,0,1,1,False,0.7
741,1,1,1,2,False,0.688
742,3,1,3,1,False,0.674
743,1,2,1,1,False,0.524
744,3,1,3,1,False,0.487
745,1,0,1,1,False,0.805
746,0,2,0,0,False,0.791
747,1,2,1,1,False,0.821
748,2,0,2,2,False,0.975
749,3,1,3,0,False,0.39
751,1,0,1,1,False,0.814
752,0,2,1,0,False,0.825
753,0,1,3,0,False,0.732
754,1,0,1,1,False,0.659
755,1,0,1,1,False,0.829
756,3,1,3,1,False,0.447
757,2,0,2,2,False,1.0
758,0,1,3,0,False,0.761
760,0,2,0,0,False,0.949
761,0,1,3,0,False,0.952
763,2,0,2,2,False,0.953
764,0,1,3,0,False,0.952
765,0,2,0,0,False,0.976
766,3,2,2,2,False,0.385
767,2,2,2,2,False,0.692
769,1,2,1,0,False,0.841
770,3,2,3,3,False,0.556
771,3,1,3,0,False,0.436
773,3,1,3,0,False,0.5
774,1,3,1,1,False,0.659
775,4,0,4,4,False,0.861
776,2,0,2,2,False,1.0
777,2,0,2,2,False,0.824
778,5,0,2,2,False,0.5
779,3,3,3,2,False,0.5
780,3,3,3,2,False,0.55
781,3,3,3,2,False,0.6
782,2,0,2,2,False,0.844
783,1,2,3,1,False,0.641
784,2,3,3,2,False,0.717
785,2,1,2,4,False,0.875
787,1,1,3,1,False,0.5
788,3,3,3,3,False,0.645
789,2,1,3,2,False,0.511
790,3,2,3,1,False,0.737
791,3,3,3,1,False,0.703
792,3,1,3,1,False,0.684
793,1,0,1,1,False,0.886
794,2,0,2,2,False,0.971
795,1,0,1,1,False,0.929
796,3,2,3,3,False,0.757
797,3,3,3,3,False,0.594
798,1,1,3,1,False,0.703
799,1,3,3,2,False,0.605
800,3,3,3,2,False,0.767
801,3,3,3,2,False,0.692
802,3,1,3,1,False,0.558
803,3,3,3,2,False,0.558
804,1,3,3,1,False,0.881
805,3,3,3,2,False,0.619
806,3,2,3,2,False,0.714
807,3,2,3,1,False,0.615
808,3,1,3,1,False,0.61
809,2,0,2,2,False,0.974
810,0,2,0,0,False,0.083
811,2,0,2,2,False,0.925
812,2,0,2,2,False,1.0
813,2,0,2,2,False,0.977
814,2,3,2,2,False,0.795
815,1,3,0,0,False,0.65
817,1,1,0,1,False,0.676
818,2,0,2,2,False,0.947
819,2,0,2,2,False,0.95
820,2,0,2,2,False,0.93
821,1,0,0,0,False,0.61
822,0,0,0,0,False,0.22
823,0,0,0,0,False,0.667
824,2,0,2,2,False,0.971
825,0,0,0,0,False,0.371
826,0,0,0,0,False,0.972
827,0,0,0,0,False,0.977
828,0,0,0,0,False,1.0
829,0,0,0,0,False,1.0
830,2,2,2,2,False,0.896
831,0,0,0,0,False,1.0
832,0,0,0,0,False,0.381
833,0,0,0,0,False,0.756
834,0,0,0,0,False,0.953
835,0,0,0,0,False,0.976
836,0,0,0,0,False,1.0
838,0,0,0,0,False,0.975
839,0,0,0,0,False,0.971
840,0,2,0,0,False,1.0
841,2,0,2,2,False,0.974
842,4,0,4,4,False,0.838
843,2,1,5,2,False,0.875
844,5,3,1,2,False,0.212
846,3,1,5,2,False,0.318
847,5,2,5,5,False,0.842
848,5,0,5,5,False,0.949
849,3,3,1,3,False,0.366
851,3,3,3,1,False,0.308
852,3,1,3,1,False,0.459
853,5,0,5,5,False,0.925
854,5,0,5,5,False,0.907
855,5,1,5,3,False,0.9
856,5,2,5,5,False,0.882
857,1,2,1,1,False,0.614
859,3,3,3,3,False,0.75
860,2,0,2,2,False,0.818
870,3,3,3,3,False,0.727
871,3,4,3,2,False,0.727
872,2,1,2,4,False,0.95
873,1,2,3,1,False,0.526
874,3,1,3,1,False,0.45
875,5,2,5,5,False,0.911
876,3,4,3,3,False,0.744
877,3,2,3,1,False,0.349
878,5,2,5,2,False,0.239
879,3,3,3,3,False,0.732
880,3,2,3,1,False,0.618
881,3,4,3,2,False,0.641
882,3,2,3,1,False,0.61
883,5,2,5,2,False,0.6
884,5,1,5,1,False,0.846
885,3,3,3,3,False,0.707
886,3,2,3,1,False,0.581
888,5,2,5,5,False,0.925
889,5,2,5,3,False,0.558
890,6,2,6,6,False,0.579
891,1,2,5,1,False,0.7
892,5,1,5,2,False,0.61
895,1,0,1,1,False,0.95
896,5,2,5,6,False,0.846
897,2,2,2,2,False,0.362
898,1,2,1,1,False,0.763
899,1,0,1,1,False,0.943
900,3,4,1,0,False,0.442
901,3,1,3,1,False,0.362
902,3,4,1,3,False,0.511
903,1,3,1,1,False,0.902
904,1,2,1,0,False,0.707
905,3,3,3,2,False,0.571
907,1,1,3,1,False,0.4
908,3,4,1,1,False,0.476
909,1,0,1,1,False,0.707
911,3,1,1,2,False,0.375
912,5,0,2,2,False,0.513
913,3,1,2,1,False,0.342
914,1,0,1,1,False,0.925
915,1,2,1,1,False,0.824
916,5,2,5,5,False,0.829
917,5,2,5,5,False,0.775
918,2,0,2,2,False,0.976
920,1,2,1,1,False,0.762
922,0,2,0,0,False,0.976
923,0,2,0,0,False,0.974
924,0,0,0,0,False,0.976
925,0,0,0,0,False,0.905
926,0,2,0,0,False,0.976
927,2,0,2,2,False,0.919
928,2,0,2,2,False,0.951
929,0,0,0,0,False,0.971
930,0,1,0,1,False,0.85
986,2,0,2,2,False,0.949
987,2,2,2,2,False,0.878
988,2,0,2,2,False,1.0
989,2,0,2,2,False,0.925
991,2,0,2,2,False,1.0
992,2,2,2,2,False,0.178
993,1,0,1,1,False,0.756
994,1,0,1,1,False,0.974
995,1,0,1,1,False,0.775
996,2,0,2,2,False,0.946
998,2,2,2,2,False,0.914
999,1,2,1,1,False,0.861
1001,2,0,2,2,False,1.0
1002,1,2,1,1,False,0.857
1003,1,0,1,1,False,0.78
1004,1,0,1,1,False,1.0
1005,2,2,2,2,False,0.857
1006,1,0,1,1,False,0.806
1007,2,0,2,2,False,1.0
1008,2,0,2,2,False,1.0
1009,2,2,2,2,False,0.829
1010,3,2,2,2,False,0.415
1011,3,1,0,2,False,0.341
1012,1,1,1,0,False,0.775
1013,0,0,0,0,False,0.952
1014,0,0,0,0,False,1.0
1015,1,2,1,1,False,0.838
1016,0,2,0,0,False,0.972
1017,1,0,0,0,False,0.225
1018,0,2,0,0,False,0.951
1019,1,1,1,0,False,0.814
1020,1,2,1,1,False,1.0
1021,1,2,0,2,False,0.69
1023,0,0,0,0,False,0.974
1024,0,0,0,0,False,1.0
1025,1,1,1,0,False,0.784
1026,1,1,1,0,False,0.957
1027,0,0,0,0,False,0.974
1028,0,0,0,0,False,1.0
1029,0,0,0,0,False,0.955
1030,0,0,0,0,False,1.0
1031,0,2,0,0,False,0.435
1032,0,0,0,0,False,0.975
1033,0,2,0,0,False,0.971
1034,0,0,0,0,False,0.971
1035,0,0,0,0,False,0.976
1036,0,0,0,0,False,0.976
1037,1,0,0,0,False,0.316
1038,0,2,0,0,False,1.0
1039,2,2,2,2,False,0.857
1040,0,2,0,0,False,0.944
1041,0,0,0,0,False,0.846
1044,0,2,0,0,False,0.947
1047,1,0,1,1,False,0.816
1048,3,3,3,1,False,0.524
1049,2,3,1,2,False,0.295
1051,2,2,2,2,False,0.643
1052,3,4,1,1,False,0.442
1053,1,0,1,1,False,0.974
1054,2,0,2,2,False,0.971
1055,3,3,3,3,False,0.692
1056,1,0,1,1,False,1.0
1057,1,0,1,1,False,0.946
1058,1,2,1,1,False,0.929
1059,3,0,3,3,False,0.718
1060,1,3,1,1,False,0.471
1061,3,0,3,3,False,0.75
1062,3,2,3,3,False,0.632
1063,1,1,1,2,False,0.789
1064,0,2,1,0,False,0.692
1065,3,3,3,0,False,0.444
1066,1,0,1,1,False,0.75
1067,1,1,1,0,False,0.667
1068,1,0,1,1,False,0.686
1069,1,2,1,1,False,0.932
1070,1,0,1,1,False,0.667
1071,2,0,2,2,False,0.95
1072,1,0,1,1,False,0.744
1107,2,0,2,2,False,0.974
1108,1,2,1,1,False,0.842
1109,2,2,2,2,False,0.488
1110,2,3,2,2,False,0.825
1111,1,0,1,1,False,0.795
1112,1,2,2,2,False,0.703
1113,0,1,0,1,False,0.78
1115,0,0,0,0,False,0.892
1116,0,0,0,0,False,0.537
1117,2,0,2,2,False,1.0
1118,0,2,0,0,False,0.769
1119,1,3,3,1,False,0.85
1120,1,2,1,1,False,0.894
1121,1,2,1,1,False,0.61
1122,0,2,0,1,False,0.878
1123,1,2,1,1,False,0.5
1124,0,3,0,1,False,0.78
1125,1,0,1,1,False,0.78
1126,0,0,0,0,False,0.976
1127,1,0,1,1,False,0.897
1128,1,2,0,1,True,0.486
1129,1,3,1,1,False,0.889
1130,1,0,1,1,False,1.0
1131,1,2,2,2,False,0.618
1132,1,2,1,1,False,0.974
1133,0,2,0,0,False,0.842
1134,2,0,2,2,False,0.905
1135,2,0,2,2,False,0.977
1136,2,0,2,2,False,0.767
1137,3,2,3,3,False,0.7
1138,3,2,2,2,False,0.425
1139,3,2,3,3,False,0.75
1140,2,0,2,2,False,0.976
1141,5,1,5,2,True,0.844
1142,3,3,3,2,True,0.738
1143,3,0,1,1,False,0.333
1144,3,1,3,0,True,0.368
1146,1,0,1,1,False,0.977
1147,3,2,2,3,False,0.55
1148,3,0,3,3,False,0.85
1149,3,2,3,3,False,0.789
1150,2,0,2,2,False,0.886
1151,3,2,2,5,True,0.769
1152,7,0,7,7,False,0.889
1153,3,2,3,3,False,0.7
1154,3,2,2,5,True,0.718
1155,3,3,3,3,False,0.829
1157,5,2,5,5,False,0.523
1158,3,2,3,3,False,0.611
1159,3,2,3,3,False,0.872
1160,3,2,2,2,False,0.372
1161,3,3,3,3,False,0.683
1163,3,0,1,1,False,0.475
1164,3,1,3,1,False,0.462
1165,5,2,5,5,False,0.857
1166,3,2,3,3,False,0.625
1167,3,3,3,3,False,0.683
1168,3,2,3,3,False,0.8
1169,2,0,2,2,False,0.976
1170,3,2,3,3,False,0.816
1171,3,2,3,3,False,0.833
1172,3,2,3,3,False,0.821
1173,3,0,3,3,False,0.667
1174,3,2,3,3,False,0.769
1175,3,2,3,3,False,0.8
1176,2,1,6,2,False,0.878
1178,0,3,1,1,False,0.675
1179,1,3,2,2,False,0.955
1180,1,0,1,1,False,0.975
1181,1,2,1,1,False,0.615
1184,2,3,2,2,False,0.429
1185,1,0,1,1,False,0.95
1186,2,0,2,2,False,0.9
1187,3,0,1,1,False,0.5
1188,2,0,2,2,False,0.976
1189,3,3,3,1,False,0.7
1190,2,0,2,2,False,0.974
1191,3,1,3,1,False,0.61
1192,3,1,3,1,False,0.698
1193,3,1,3,1,True,0.467
1194,0,2,1,1,False,0.737
1195,0,2,1,0,False,0.791
1196,3,3,3,0,False,0.641
1197,3,3,3,2,False,0.359
1198,2,0,2,2,False,0.951
1200,1,2,1,1,False,0.789
1201,0,1,0,1,False,0.977
1203,1,0,1,1,False,1.0
1204,1,1,1,0,False,0.583
1205,1,4,0,0,False,0.556
1206,1,1,1,2,False,0.763
1207,1,1,1,2,False,0.605
1208,0,0,0,0,False,1.0
1209,1,0,1,1,False,0.846
1210,0,0,0,0,False,0.932
1211,1,1,1,2,False,0.615
1212,2,0,2,2,False,0.947
1213,1,2,1,1,False,0.93
1214,1,3,0,1,False,0.659
1215,1,2,0,0,False,0.738
1217,0,2,0,0,False,0.821
1218,1,2,1,1,False,0.818
1219,1,0,1,1,False,0.947
1220,0,2,0,0,False,0.861
1221,2,3,1,2,True,0.895
1222,0,0,0,0,False,0.977
1223,1,0,0,0,False,0.415
1224,2,0,2,2,False,0.977
1225,2,0,2,2,False,0.814
1226,2,0,2,2,False,0.947
1227,2,3,5,2,False,0.585
1228,2,3,2,2,False,0.714
1229,2,0,2,2,False,0.976
1230,2,0,2,2,False,1.0
1231,2,1,5,2,True,0.833
1232,2,2,5,2,False,0.69
1233,2,0,2,2,False,0.976
1234,2,4,2,2,False,0.917
1235,2,3,5,3,False,0.868
1236,2,0,2,2,False,0.975
1237,2,3,2,2,False,0.5
1238,2,0,2,2,False,0.95
1240,3,2,3,3,False,0.611
1241,3,3,3,3,False,0.41
1242,0,3,3,0,False,0.85
1243,2,0,2,2,False,1.0
1244,3,0,3,3,False,0.513
1246,3,2,3,3,False,0.73
1249,3,0,3,3,False,0.732
1250,2,2,2,2,False,0.971
1251,3,1,3,0,False,0.472
1252,2,3,3,3,False,0.784
1253,0,1,3,0,False,0.955
1254,3,0,3,3,False,0.818
1256,3,0,3,3,False,0.703
1257,3,2,3,3,False,0.698
1258,2,0,2,2,False,1.0
1259,1,0,1,1,False,0.829
1260,2,0,2,2,False,0.949
1261,1,0,1,1,False,1.0
1262,1,0,1,1,False,0.865
1264,0,2,0,0,False,0.917
1265,1,2,1,0,False,0.833
1266,1,1,1,0,False,0.415
1267,0,1,3,0,False,0.892
1268,1,3,1,1,False,0.951
1269,0,2,0,0,False,0.884
1270,1,0,1,1,False,0.976
1271,0,2,0,0,False,1.0
1272,1,3,1,1,False,0.622
1273,0,2,0,0,False,1.0
1274,0,2,0,0,False,0.93
1275,1,2,1,1,False,0.684
1276,1,3,1,1,False,0.405
1277,1,2,1,1,False,0.643
1278,0,1,3,0,False,0.78
1279,1,2,1,0,False,0.763
1280,1,2,1,0,False,0.316
1281,1,2,1,1,False,0.703
1282,0,1,3,0,False,0.923
1284,1,0,1,1,False,0.854
1285,1,0,1,1,False,0.925
1286,1,3,1,1,False,0.732
1287,1,3,1,1,False,0.744
1288,0,2,1,0,False,0.632
1289,0,1,3,0,False,0.769
1290,1,2,1,1,False,0.578
1291,0,2,0,0,False,1.0
1292,0,3,0,1,False,0.634
1293,1,0,1,1,False,1.0
1294,1,0,1,1,False,1.0
1295,1,3,1,1,False,0.442
1296,0,2,0,0,False,0.976
1297,0,2,0,0,False,0.878
1298,0,1,3,0,False,0.744
1299,0,2,0,0,False,0.897
1300,0,1,3,0,False,0.786
1301,1,3,1,1,False,0.55
1302,1,2,1,1,False,0.929
1303,2,0,2,2,False,1.0
1304,1,0,1,1,False,0.912
1305,1,2,1,1,False,0.947
1306,1,0,1,1,False,0.784
1308,1,0,1,1,False,0.698
1309,0,0,0,0,False,0.974
1310,1,0,1,1,False,0.762
1311,0,2,0,0,False,0.974
1312,1,2,3,1,False,0.61
1313,0,2,0,0,False,0.975
1314,0,2,0,0,False,0.949
1315,2,0,2,2,False,0.927
1316,1,0,1,1,False,0.763
1317,0,0,0,0,False,0.975
1319,0,3,3,0,False,0.974
1320,0,2,0,0,False,0.975
1321,1,0,1,1,False,0.81
1322,0,2,0,0,False,0.976
1323,0,0,0,0,False,0.977
1324,0,2,0,0,False,0.927
1325,0,2,0,0,False,0.953
1326,3,1,3,1,False,0.395
1327,0,2,0,0,False,0.955
1328,0,2,0,0,False,1.0
1329,1,2,1,1,False,0.711
1330,0,2,0,0,False,1.0
1331,0,2,0,0,False,0.953
1333,2,0,2,2,False,0.952
1334,2,2,2,2,False,0.429
1335,0,2,0,0,False,0.952
1336,0,2,0,0,False,1.0
1337,0,2,1,0,False,0.667
1338,1,3,1,1,False,0.81
1339,0,2,0,0,False,0.838
1340,0,2,1,0,False,0.73
1341,1,3,1,1,False,0.816
1343,0,2,0,0,False,0.974
1344,0,0,0,0,False,0.976
1345,0,2,0,0,False,0.951
1346,0,2,0,0,False,0.946
1347,0,2,0,0,False,0.917
1348,0,0,0,0,False,0.974
1349,0,2,0,0,False,1.0
1350,0,2,0,0,False,0.974
1351,0,4,0,0,False,0.976
1352,0,2,0,0,False,0.978
1353,0,2,0,0,False,1.0
1355,0,0,0,0,False,0.975
1356,1,1,3,0,False,0.512
1357,3,1,3,1,False,0.333
1358,0,1,3,0,False,0.976
1392,2,2,1,2,False,0.25
1393,2,3,2,2,False,0.85
1394,2,2,2,2,False,0.976
1395,6,2,6,6,False,1.0
1396,2,0,2,2,False,0.878
1397,2,2,6,6,False,0.711
1398,2,0,2,2,False,0.756
1399,2,0,2,2,False,0.875
1400,2,0,2,2,False,0.881
1401,2,2,2,2,False,0.951
1402,6,2,4,6,False,0.308
1403,2,0,2,2,False,0.976
1404,2,3,2,2,False,0.703
1405,2,2,2,2,False,1.0
1406,2,2,2,2,False,0.977
1407,2,0,2,2,False,1.0
1408,2,1,2,6,False,0.878
1409,6,3,5,6,False,0.231
1410,2,0,2,2,False,1.0
1411,2,0,2,2,False,0.949
1412,0,0,0,0,False,1.0
1413,1,1,1,2,False,0.732
1414,1,0,1,1,False,0.7
1415,0,0,0,0,False,0.93
1416,0,1,1,0,False,0.61
1417,0,0,0,0,False,0.977
1419,0,0,0,0,False,0.952
1420,0,0,0,0,False,1.0
1421,0,2,0,0,False,0.957
1422,1,0,1,1,False,0.75
1423,1,1,1,0,False,0.81
1425,1,2,1,0,False,0.45
1426,0,0,0,0,False,0.952
1427,1,3,1,0,False,0.854
1428,0,0,0,0,False,0.977
1429,1,1,1,0,False,0.791
1430,5,1,5,4,True,0.881
1431,5,2,5,5,False,0.868
1438,5,2,5,5,False,0.75
1439,4,0,4,4,False,0.93
1440,2,0,2,2,False,0.878
1443,4,0,4,4,False,0.833
1444,4,0,4,4,False,0.93
1445,4,0,4,4,False,0.875
1446,4,2,4,4,False,0.791
1447,2,0,2,2,False,0.881
1448,4,0,4,4,False,0.886
1449,2,2,2,2,False,0.136
1453,4,0,4,4,False,0.773
1454,2,2,2,2,False,0.973
1456,4,0,4,4,False,0.951
1457,4,0,4,4,False,0.927
1459,4,0,4,4,False,0.925
1461,4,0,4,4,False,0.895
1463,2,0,2,2,False,0.977
1464,4,0,4,4,False,0.842
1465,4,0,4,4,False,0.886
1467,4,0,4,4,False,0.927
1468,2,2,4,4,False,0.771
1472,4,0,4,4,False,0.854
1473,2,0,2,2,False,0.947
1474,1,1,1,2,False,0.75
1475,4,0,4,4,False,0.974
1477,2,0,2,2,False,0.974
1478,2,2,2,2,False,0.639
1480,2,0,2,2,False,0.902
1481,4,2,4,4,False,0.833
1483,2,0,2,2,False,0.821
1484,2,1,2,4,False,0.81
1486,2,0,2,2,False,1.0
1488,4,2,4,4,False,0.814
1489,2,0,2,2,False,0.974
1490,2,0,2,2,False,0.913
1491,2,1,2,4,False,0.85
1492,2,0,2,2,False,0.865
1493,4,0,4,4,False,0.892
1494,1,0,1,1,False,0.821
1495,2,0,2,2,False,0.975
1496,2,0,2,2,False,0.784
1500,4,0,4,4,False,0.842
1501,2,1,2,4,False,0.622
1504,2,0,2,2,False,0.571
1506,5,2,5,5,False,0.789
1507,5,2,5,5,False,0.8
1508,5,2,5,5,False,0.842
1509,5,2,5,5,False,0.889
1510,5,2,5,5,False,0.857
1511,5,2,5,5,False,0.881
1512,5,2,5,5,False,0.884
1518,5,2,5,5,False,0.703
1519,5,2,5,5,False,0.878
1520,5,2,5,5,False,0.875
1521,5,2,5,5,False,0.864
1522,5,2,5,5,False,0.763
1523,2,0,2,2,False,0.881
1525,2,0,2,2,False,1.0
1526,2,0,2,2,False,0.974
1527,2,0,2,2,False,1.0
1528,1,1,1,2,False,0.667
1529,1,0,1,1,False,1.0
1530,1,2,1,1,False,0.953
1532,1,1,1,0,False,0.722
1533,1,2,1,1,False,0.735
1534,1,3,0,1,False,0.811
1535,1,0,1,1,False,0.81
1536,1,3,1,0,False,0.78
1537,0,2,0,0,False,1.0
1539,2,0,2,2,False,0.952
1540,2,0,2,2,False,0.953
1541,0,2,0,0,False,1.0
1542,1,0,0,0,False,0.077
1543,0,4,0,0,False,0.953
1544,1,2,1,0,True,0.488
1545,0,2,0,0,False,0.854
1546,0,1,0,1,False,0.927
1547,0,2,0,0,False,0.889
1548,0,2,0,0,False,0.976
1549,1,0,1,1,False,0.846
1550,1,2,0,0,False,0.419
1551,0,2,0,0,False,0.974
1552,0,0,0,0,False,1.0
1553,2,2,2,2,False,0.925
1554,1,0,0,0,False,0.611
1555,1,2,0,0,False,0.789
1556,1,3,0,1,False,0.711
1557,1,2,1,0,False,0.775
1558,3,4,1,0,False,0.45
1559,0,0,0,0,False,1.0
1560,2,0,2,2,False,1.0
1561,0,2,0,0,False,0.976
1562,1,1,1,2,False,0.667
1563,2,2,2,2,False,0.875
1564,0,0,0,0,False,0.805
1565,3,1,3,0,False,0.477
1566,1,1,1,0,False,0.8
1567,0,0,0,0,False,0.972
1568,1,2,1,1,False,0.786
1569,0,0,0,0,False,0.976
1570,3,3,3,0,False,0.583
1571,3,0,3,3,False,0.432
1572,3,2,3,3,False,0.711
1573,3,0,3,3,False,0.405
1574,1,3,0,1,False,0.55
1575,2,0,2,2,False,0.976
1577,2,2,2,2,False,0.675
1578,1,0,1,1,False,0.686
1579,1,2,0,0,False,0.69
1580,0,2,0,0,False,0.976
1581,1,2,1,1,False,0.857
1582,1,3,0,0,False,0.698
1583,1,0,1,1,False,0.757
1584,0,2,0,0,False,0.952
1585,0,3,3,1,False,0.838
1586,2,0,2,2,False,0.976
1587,1,0,1,1,False,0.722
1588,1,2,1,1,False,0.838
1589,1,0,1,1,False,0.703
1590,0,3,3,0,False,0.821
1591,1,2,0,0,False,0.375
1592,1,0,1,1,False,0.789
1593,1,0,1,1,False,0.854
1594,1,0,0,0,False,0.581
1595,1,0,1,1,False,0.8
1596,1,0,1,1,False,0.548
1597,2,0,2,2,False,0.897
1598,2,0,2,2,False,1.0
1599,2,0,2,2,False,1.0
1600,2,0,2,2,False,1.0
1601,2,1,2,4,False,0.818
1602,3,2,3,3,False,0.381
1603,3,2,3,2,False,0.386
1604,3,2,3,2,False,0.39
1605,0,0,0,0,False,0.976
1606,0,2,0,0,False,0.976
1607,0,0,0,0,False,0.977
1608,1,0,1,1,False,0.643
1609,3,2,3,3,False,0.659
1610,1,2,3,0,False,0.804
1611,3,3,0,0,False,0.308
1612,1,1,3,1,False,0.703
1613,0,2,0,0,False,0.976
1614,0,2,0,0,False,0.977
1615,2,2,2,2,False,0.821
1616,3,3,3,0,False,0.6
1617,0,0,0,0,False,0.956
1618,1,2,3,0,False,0.725
1619,1,2,2,2,False,0.682
1620,2,0,2,2,False,0.917
1621,3,3,3,0,False,0.444
1622,0,1,3,0,True,0.974
1623,3,2,3,3,False,0.675
1624,3,1,3,1,False,0.333
1625,3,3,3,0,False,0.459
1626,0,0,0,0,False,0.976
1627,1,3,3,0,False,0.825
1628,3,0,3,3,False,0.744
1629,1,3,0,1,False,0.718
1630,3,1,3,0,False,0.436
1631,1,1,1,0,False,0.81
1632,2,0,2,2,False,0.972
1633,1,2,1,1,False,0.791
1634,1,2,1,0,False,0.767
1635,0,2,0,0,False,0.951
1636,0,2,0,1,False,0.795
1637,0,3,3,0,False,0.917
1638,1,1,3,1,False,0.789
1639,1,0,1,1,False,1.0
1640,0,2,0,0,False,0.974
1641,1,3,1,1,False,0.861
1642,0,2,0,0,False,0.763
1643,1,0,1,1,False,0.974
1644,1,3,1,1,False,0.528
1645,0,2,3,0,False,0.85
1646,0,2,0,0,False,0.944
1647,0,1,3,0,False,0.892
1648,0,2,0,0,False,0.973
1649,0,2,0,1,False,0.698
1650,0,1,3,0,False,0.632
1651,0,2,0,0,False,0.789
1652,2,0,2,2,False,0.568
1653,1,3,1,0,False,0.615
1654,0,1,3,0,False,0.619
1655,0,0,0,0,False,0.615
1656,0,1,3,0,False,0.692
1657,0,2,0,0,False,0.947
1658,1,2,1,1,False,0.974
1659,3,2,3,2,False,0.548
1660,0,2,0,0,False,0.946
1661,0,1,3,0,False,0.692
1662,3,2,3,3,False,0.415
1663,1,3,0,1,False,0.692
1664,0,2,0,0,False,0.829
1665,2,0,2,2,False,1.0
1666,0,0,0,0,False,0.971
1667,2,2,2,2,False,0.884
1668,2,0,2,2,False,0.951
1669,1,0,1,1,False,0.971
1670,1,0,1,1,False,0.786
1671,1,0,1,1,False,0.805
1672,2,2,2,2,False,0.946
1673,2,3,2,2,False,0.925
1674,1,1,2,1,True,0.977
1675,3,0,1,1,False,0.405
1676,1,0,1,1,False,0.973
1678,0,0,0,0,False,0.976
1679,1,2,1,1,False,0.925
1680,0,2,0,0,False,1.0
1681,0,2,0,0,False,1.0
1682,1,2,1,1,False,0.837
1683,1,2,1,1,False,0.674
1685,0,1,0,1,False,0.952
1686,1,3,0,1,False,0.617
1687,0,2,3,1,False,0.675
1688,0,3,0,1,False,0.632
1689,0,0,0,0,False,0.973
1690,0,0,0,0,False,0.857
1691,0,0,0,0,False,0.976
1692,1,2,1,1,False,0.917
1693,1,3,1,1,False,0.524
1694,1,4,1,1,False,0.488
1696,1,3,1,0,False,0.5
1697,0,4,3,1,False,0.657
1698,0,0,0,0,False,0.676
1699,1,3,0,1,False,0.486
1700,1,2,1,1,False,0.976
1701,1,0,1,1,False,0.878
1702,0,0,0,0,False,0.789
1703,0,1,0,1,False,0.698
1704,2,2,2,2,False,0.864
1705,1,2,1,1,False,0.5
1706,0,2,0,0,False,0.703
1707,2,0,2,2,False,1.0
1708,1,0,1,1,False,0.75
1709,1,2,2,2,False,0.641
1710,1,1,0,1,False,0.659
1711,1,2,1,1,False,0.914
1712,1,2,1,0,False,0.442
1714,0,0,0,0,False,0.974
1715,0,3,0,1,False,0.649
1717,0,1,0,1,False,0.93
1718,0,0,0,0,False,0.977
1719,1,3,2,1,False,0.738
1722,0,0,0,0,False,1.0
1724,0,2,0,0,False,0.975
1725,0,0,0,0,False,0.972
1726,2,0,2,2,False,1.0
1727,0,0,0,0,False,0.978
1728,1,1,0,1,False,0.568
1730,0,3,0,1,False,0.769
1731,1,3,1,1,False,0.512
1732,0,0,0,0,False,0.978
1733,0,2,1,0,False,0.651
1737,0,0,0,0,False,0.951
1738,0,0,0,0,False,0.977
1739,0,0,0,0,False,1.0
1740,2,3,0,2,False,0.154
1741,0,0,0,0,False,0.974
1742,1,0,0,0,False,0.486
1743,0,0,0,0,False,0.976
1744,0,0,0,0,False,0.975
1745,1,0,0,0,False,0.475
1746,0,0,0,0,False,1.0
1747,0,0,0,0,False,0.974
1749,0,0,0,0,False,0.971
1750,0,0,0,0,False,0.977
1751,0,0,0,0,False,1.0
1752,1,0,0,0,False,0.439
1753,0,0,0,0,False,1.0
1754,0,0,0,0,False,1.0
1755,0,0,0,0,False,0.976
1756,0,0,0,0,False,0.977
1757,0,0,0,0,False,0.974
1758,2,0,2,2,False,1.0
1759,1,3,0,1,False,0.711
1760,0,0,0,0,False,0.975
1761,0,2,0,0,False,1.0
1762,0,0,0,0,False,0.977
1764,2,0,2,2,False,0.977
1765,2,0,2,2,False,0.952
1766,1,1,1,0,False,0.829
1768,1,0,1,1,False,1.0
1769,1,2,1,1,False,0.857
1770,1,0,1,1,False,0.756
1771,0,4,0,0,False,0.902
1773,0,4,0,0,False,0.977
1774,0,3,0,1,False,0.579
1775,0,3,1,0,False,0.738
1776,1,2,1,1,False,0.846
1777,1,2,1,0,False,0.778
1778,1,1,1,2,False,0.682
1780,1,0,1,1,False,1.0
1781,1,4,1,0,False,0.696
1782,1,0,1,1,False,0.791
1783,2,0,2,2,False,0.919
1784,0,0,0,0,False,0.971
1785,1,0,1,1,False,0.805
1786,1,0,1,1,False,0.972
1787,3,2,1,0,False,0.436
1788,1,2,1,1,False,0.727
1845,2,0,2,2,False,0.976
1846,2,1,1,2,False,0.159
1848,1,0,0,0,False,0.333
1849,0,4,0,0,False,0.977
1850,0,3,0,1,False,0.868
1851,0,0,0,0,False,1.0
1852,1,1,1,0,False,0.703
1853,1,2,0,0,False,0.463
1854,0,0,0,0,False,0.973
1855,0,0,0,0,False,0.976
1856,0,0,0,0,False,0.867
1857,0,0,0,0,False,0.914
1858,0,0,0,0,False,0.974
1859,1,2,1,1,False,0.897
1860,0,4,0,0,False,0.974
1861,1,1,1,2,False,0.7
1862,1,2,0,0,False,0.789
1863,2,0,2,2,False,1.0
1864,0,0,0,0,False,0.975
1865,0,0,0,0,False,0.976
1868,1,2,0,0,False,0.385
1869,1,2,1,1,False,0.568
1870,0,0,0,0,False,0.975
1871,0,0,0,0,False,0.919
1872,0,0,0,0,False,0.977
1873,1,2,0,0,False,0.684
1874,2,0,2,2,False,0.951
1875,2,0,2,2,False,0.927
1876,2,0,2,2,False,0.923
1877,2,0,2,2,False,0.974
1878,1,0,1,1,False,1.0
1879,2,0,2,2,False,0.921
1880,1,1,1,2,False,0.659
1881,2,0,2,2,False,1.0
1883,2,2,2,2,False,0.952
1884,0,2,0,0,False,0.975
1885,1,0,1,1,False,0.711
1886,1,3,0,1,False,0.537
1887,0,0,0,0,False,0.978
1888,1,1,0,1,False,0.658
1889,0,3,0,1,False,0.881
1890,2,0,2,2,False,0.975
1891,0,0,0,0,False,0.977
1892,0,2,0,0,False,0.976
1893,0,0,0,0,False,0.974
1894,1,1,0,1,False,0.951
1895,1,2,1,1,False,0.975
1896,0,2,0,0,False,0.974
1897,0,3,0,1,False,0.977
1898,1,1,1,0,False,0.561
1899,1,0,1,1,False,0.75
1900,1,0,1,1,False,0.767
1901,1,1,0,1,False,0.703
1902,0,2,0,0,False,0.95
1903,1,0,0,0,False,0.256
1904,1,2,1,1,False,1.0
1905,2,0,2,2,False,0.974
1906,2,2,2,2,False,0.868
1907,0,0,0,0,False,0.979
1908,0,0,0,0,False,1.0
1909,0,0,0,0,False,0.974
1910,0,0,0,0,False,0.974
1912,3,2,3,1,False,0.667
1915,0,2,0,0,False,0.975
1916,0,0,0,0,False,1.0
1917,1,2,0,0,False,0.278
1918,0,0,0,0,False,1.0
1919,2,0,2,2,False,0.925
1920,2,2,2,2,False,0.325
1921,0,0,0,0,False,0.978
1922,3,2,3,2,False,0.425
1923,0,0,0,0,False,0.767
1924,0,0,0,0,False,0.977
1925,0,2,0,0,False,1.0
1926,0,0,0,0,False,0.974
1927,0,0,0,0,False,0.977
1928,0,0,0,0,False,0.977
1929,0,0,0,0,False,0.975
1930,1,2,0,0,False,0.757
1931,1,2,0,0,False,0.439
1932,0,0,0,0,False,0.977
1933,0,0,0,0,False,0.979
1934,1,0,1,1,False,0.795
1935,0,0,0,0,False,1.0
1936,1,4,0,0,False,0.718
1937,1,0,0,0,False,0.649
1938,0,0,0,0,False,1.0
1939,1,1,1,0,False,0.771
1940,0,0,0,0,False,0.973
1941,0,0,0,0,False,0.45
1942,0,0,0,0,False,0.975
1943,0,0,0,0,False,0.975
1944,1,2,0,0,False,0.55
1945,0,0,0,0,False,0.978
1947,1,2,1,1,False,0.676
1948,0,2,0,0,False,0.784
1949,0,0,0,0,False,0.976
1950,1,0,0,0,False,0.225
1951,1,2,0,0,False,0.705
1952,2,0,2,2,False,1.0
1954,5,2,5,5,False,0.682
1955,5,2,5,5,False,0.744
1956,5,2,5,2,False,0.886
1957,5,2,5,5,False,0.838
1958,5,1,7,5,False,0.692
1959,5,1,5,1,False,0.744
1960,5,2,5,2,False,0.846
1961,5,2,5,5,False,0.925
1962,5,2,5,5,False,0.927
1963,5,2,5,5,False,0.95
1965,3,3,3,3,False,0.545
1966,3,3,3,3,False,0.5
1967,5,2,5,3,False,0.756
1968,5,2,5,5,False,0.848
1969,5,2,5,5,False,0.829
1970,7,0,7,7,False,0.909
1971,2,0,2,2,False,0.884
1972,2,2,2,2,False,0.524
1973,1,0,1,1,False,0.75
1974,2,0,2,2,False,1.0
1975,1,0,1,1,False,0.882
1976,1,0,1,1,False,0.778
1977,2,0,2,2,False,0.977
1978,2,2,2,2,False,0.897
1979,2,0,2,2,False,0.929
1980,1,0,2,2,False,0.769
1981,2,0,2,2,False,0.364
1982,2,0,2,2,False,0.711
1983,2,3,1,2,False,0.659
1984,1,2,1,1,False,0.771
1985,2,2,2,2,False,0.769
1986,2,0,2,2,False,1.0
1987,3,2,3,2,False,0.488
1988,1,2,1,1,False,0.864
1989,1,0,1,1,False,0.864
1990,2,2,2,2,False,1.0
1991,1,0,1,1,False,0.757
1992,1,0,1,1,False,0.825
1993,2,0,2,2,False,1.0
1994,1,0,1,1,False,0.881
1995,2,2,2,2,False,0.769
1996,1,0,1,1,False,0.789
1997,1,0,1,1,False,0.789
1999,2,2,2,2,False,0.973
2000,2,0,2,2,False,0.977
2001,1,0,1,1,False,0.75
2002,1,2,1,1,False,0.651
2004,2,0,2,2,False,1.0
2005,2,0,2,2,False,1.0
2006,2,0,2,2,False,1.0
2007,1,0,1,1,False,1.0
2008,2,2,2,2,False,0.816
2009,1,0,1,1,False,0.75
2010,2,0,2,2,False,0.93
2011,2,2,2,2,False,0.333
2012,1,0,1,1,False,0.879
2015,1,0,1,1,False,0.829
2017,3,1,3,1,False,0.632
2018,1,2,1,1,False,0.659
2019,1,2,2,2,False,0.628
2021,3,0,1,1,False,0.361
2022,0,2,0,0,False,0.943
2023,1,1,1,0,False,0.975
2024,2,0,2,2,False,0.925
2025,3,2,3,3,False,0.675
2027,1,0,1,1,False,0.784
2028,1,2,1,1,False,0.75
2030,3,1,3,1,False,0.385
2031,1,0,1,1,False,0.818
2032,2,0,2,2,False,0.974
2033,2,0,2,2,False,1.0
2034,1,0,1,1,False,0.564
2035,1,0,1,1,False,0.925
2036,1,0,1,1,False,0.718
2037,0,4,1,1,False,0.978
2039,1,0,1,1,False,0.85
2040,3,2,2,2,False,0.644
2041,1,0,1,1,False,0.923
2042,1,0,1,1,False,0.86
2043,0,3,3,0,False,0.8
2044,2,0,2,2,False,1.0
2045,2,3,5,2,False,0.953
2046,1,2,0,0,False,0.432
2047,2,2,2,2,False,0.939
2048,2,2,2,2,False,0.846
2049,0,0,0,0,False,0.974
2050,0,2,0,0,False,1.0
2051,1,0,1,1,False,0.795
2052,1,1,0,1,False,0.282
2053,0,2,0,0,False,0.7
2054,0,2,0,0,False,0.951
2055,1,2,1,1,False,0.927
2056,0,2,0,0,False,1.0
2057,0,2,0,0,False,0.951
2058,0,0,0,0,False,0.975
2059,1,0,1,1,False,0.816
2060,1,1,1,2,False,0.641
2061,0,2,0,0,False,0.974
2062,1,0,1,1,False,0.65
2063,2,0,2,2,False,0.966
2064,1,0,1,1,False,0.688
2065,0,0,0,0,False,0.905
2066,1,3,0,3,True,0.69
2067,0,0,0,0,False,0.977
2068,0,0,0,0,False,0.763
2069,1,1,0,1,False,0.359
2070,2,1,1,2,False,0.227
2072,0,0,0,0,False,1.0
2073,1,2,1,1,False,0.971
2074,2,2,2,2,False,0.378
2075,1,0,0,0,False,0.422
2076,1,0,0,0,False,0.619
2077,1,0,0,0,False,0.297
2078,0,2,0,0,False,0.974
2079,0,0,0,0,False,0.976
2080,0,0,0,0,False,0.763
2081,0,0,0,0,False,0.976
2082,0,0,0,0,False,0.976
2085,0,0,0,0,False,0.972
2087,0,0,0,0,False,1.0
2088,0,0,0,0,False,0.976
2089,0,4,0,0,False,0.976
2090,0,0,0,0,False,0.973
2091,0,0,0,0,False,0.974
2093,0,0,0,0,False,0.974
2094,0,2,0,0,False,0.975
2095,0,0,0,0,False,0.973
2096,0,0,0,0,False,0.972
2098,0,0,0,0,False,0.975
2100,0,2,0,0,False,0.795
2101,2,0,2,2,False,1.0
2105,1,2,2,2,False,0.727
2108,2,0,2,2,False,0.907
2109,2,2,1,2,False,0.235
2110,3,3,0,0,False,0.27
2111,1,0,1,1,False,0.8
2112,0,2,0,0,False,0.763
2113,1,1,1,2,False,0.675
2114,1,1,1,0,False,0.775
2116,0,2,0,0,False,0.975
2117,3,4,3,0,False,0.5
2118,1,4,0,0,False,0.721
2119,2,0,2,2,False,0.978
2120,1,2,2,2,False,0.659
2121,1,3,1,0,False,0.8
2122,1,2,1,1,False,0.705
2124,2,0,2,2,False,0.925
2125,0,2,0,0,False,1.0
2126,1,0,1,1,False,0.789
2127,0,2,0,0,False,0.956
2128,1,2,1,1,False,0.814
2129,0,4,0,0,False,0.651
2130,3,1,0,3,False,0.35
2131,1,0,1,1,False,0.659
2132,3,4,3,0,False,0.372
2133,0,2,0,0,False,0.441
2134,1,4,1,1,False,0.538
2136,3,2,3,3,False,0.667
2137,1,4,0,0,False,0.667
2138,0,0,0,0,False,0.976
2139,0,4,3,0,False,0.703
2140,0,3,1,0,False,0.919
2142,3,2,0,0,False,0.553
2143,0,4,0,0,False,0.917
2144,2,0,2,2,False,0.95
2145,1,0,1,1,False,0.821
2146,5,2,5,5,False,0.86
2148,3,1,5,1,False,0.658
2149,1,1,3,1,False,0.659
2150,0,1,3,0,False,0.683
2151,3,2,3,3,False,0.564
2152,0,2,0,0,False,0.977
2153,1,0,1,1,False,0.816
2154,1,2,1,0,False,0.636
2155,3,0,1,1,False,0.442
2156,0,2,1,0,False,1.0
2157,3,1,3,0,False,0.389
2158,1,0,1,1,False,0.811
2159,0,1,3,0,False,0.932
2160,0,3,1,0,False,0.95
2161,2,0,2,2,False,0.943
2162,0,2,1,0,False,0.976
2163,1,1,3,1,False,0.872
2164,2,0,2,2,False,0.951
2165,2,0,2,2,False,0.974
2167,2,2,2,2,False,0.917
2168,2,2,2,2,False,0.891
2169,2,0,2,2,False,1.0
2171,1,2,1,1,False,0.811
2172,1,1,0,1,False,0.811
2173,2,2,2,2,False,0.143
2174,1,0,1,1,False,0.767
2175,1,1,1,0,False,0.718
2176,1,0,1,1,False,0.93
2177,2,0,2,2,False,0.925
2178,1,0,0,0,False,0.444
2179,1,0,1,1,False,0.786
2180,1,0,1,1,False,0.8
2181,0,0,0,0,False,0.78
2182,1,2,0,0,False,0.825
2183,1,0,1,1,False,0.711
2184,1,2,1,1,False,0.85
2185,0,0,0,0,False,0.886
2186,2,0,2,2,False,0.925
2187,3,1,3,1,False,0.537
2188,2,0,2,2,False,0.977
2189,1,1,1,2,False,0.667
2190,2,1,2,4,False,0.757
2191,3,2,2,2,False,0.455
2192,2,0,2,2,False,1.0
2193,2,0,2,2,False,0.951
2194,3,2,2,2,False,0.39
2195,3,1,3,0,False,0.667
2196,0,0,0,0,False,0.905
2197,0,2,0,0,False,0.947
2198,0,1,3,0,False,0.951
2199,1,1,3,1,True,0.805
2200,3,3,0,0,False,0.575
2201,3,2,3,0,False,0.625
2202,3,2,3,1,True,0.405
2203,3,3,3,2,False,0.634
2204,3,3,3,0,False,0.524
2205,1,2,1,1,False,0.675
2206,3,2,3,0,False,0.333
2207,0,2,0,0,False,0.95
2208,3,1,3,1,False,0.725
2210,2,0,2,2,False,0.977
2211,1,2,1,1,False,0.528
2212,1,1,3,1,False,0.778
2213,0,1,3,0,True,0.684
2215,3,2,1,1,False,0.605
2216,5,2,5,5,False,0.722
2217,5,2,5,5,False,0.854
2218,5,2,5,5,False,0.816
2219,5,2,5,5,False,0.889
2220,5,2,5,5,False,0.857
2221,5,2,5,5,False,0.846
2222,5,2,5,5,False,0.837
2223,5,2,5,5,False,0.921
2224,5,2,5,5,False,0.325
2225,5,2,5,5,False,0.884
2226,5,2,5,5,False,0.833
2227,5,2,5,5,False,0.846
2228,5,2,5,5,False,0.886
2229,5,2,5,5,False,0.872
2230,5,3,7,5,False,0.886
2231,3,2,2,2,False,0.5
2232,5,2,5,5,False,0.875
2233,5,2,5,5,False,0.907
2234,5,2,5,5,False,0.829
2235,5,3,5,2,False,0.886
2236,5,2,5,5,False,0.833
2237,2,1,5,2,True,0.825
2238,5,2,5,5,False,0.8
2241,5,2,5,5,False,0.895
2242,5,2,5,5,False,0.854
2243,5,2,5,5,False,0.951
2244,7,0,7,7,False,0.953
2245,5,2,5,5,False,0.833
2248,7,0,7,7,False,0.902
2249,7,0,7,7,False,0.977
2250,7,0,7,7,False,0.947
2251,2,0,2,2,False,1.0
2252,2,0,2,2,False,0.919
2253,1,2,1,1,False,0.795
2254,0,0,0,0,False,0.976
2255,0,0,0,0,False,1.0
2256,0,0,0,0,False,0.974
2257,0,2,0,0,False,0.977
2258,0,0,0,0,False,0.974
2259,0,0,0,0,False,0.974
2260,0,2,0,0,False,0.976
2262,0,0,0,0,False,0.975
2264,1,1,1,0,False,0.75
2265,0,0,0,0,False,0.976
2266,0,0,0,0,False,0.977
2267,0,0,0,0,False,0.953
2268,0,0,0,0,False,0.976
2269,0,0,0,0,False,0.794
2270,0,0,0,0,False,0.977
2271,0,0,0,0,False,1.0
2272,1,3,1,0,False,0.558
2274,0,2,0,0,False,0.974
2275,2,0,2,2,False,1.0
2276,1,0,1,1,False,0.714
2278,1,0,1,1,False,0.786
2279,2,0,2,2,False,1.0
2280,2,0,2,2,False,0.974
2281,2,0,2,2,False,1.0
2282,2,0,2,2,False,1.0
2286,2,2,2,2,False,0.794
2287,1,0,1,1,False,0.684
2288,2,0,2,2,False,0.976
2289,2,2,2,2,False,0.917
2292,1,2,1,1,False,0.842
2293,1,0,1,1,False,0.78
2294,0,1,0,1,False,0.921
2295,3,4,3,0,False,0.441
2296,1,3,1,1,False,0.725
2297,1,0,1,1,False,0.769
2298,1,1,0,1,False,0.683
2299,1,0,1,1,False,0.825
2300,1,0,1,1,False,0.8
2301,1,1,3,1,False,0.641
2302,0,3,0,1,False,0.579
2303,2,3,1,2,False,0.441
2304,1,2,1,1,False,0.905
2305,0,2,0,0,False,0.925
2307,0,3,0,1,False,0.9
2308,0,2,0,0,False,0.912
2309,0,2,0,0,False,0.978
2310,1,0,1,1,False,0.769
2311,2,2,2,2,False,0.878
2312,2,0,2,2,False,1.0
2314,1,2,1,1,False,0.756
2315,0,2,0,0,False,0.949
2316,1,2,1,1,False,0.756
2317,0,3,0,1,False,1.0
2318,2,0,2,2,False,0.878
2320,2,0,2,2,False,1.0
2321,1,2,1,1,False,0.513
2322,1,2,1,0,False,0.75
2323,0,2,0,0,False,0.978
2324,1,0,1,1,False,1.0
2325,1,0,1,1,False,1.0
2326,1,2,1,1,False,0.927
2327,1,0,1,1,False,0.884
2328,1,0,1,1,False,0.974
2329,1,0,1,1,False,0.956
2330,1,2,1,1,False,0.579
2332,1,1,0,1,False,0.625
2333,2,2,2,2,False,0.325
2334,2,3,1,2,False,0.841
2335,2,2,2,2,False,0.907
2336,2,2,2,2,False,0.923
2337,2,0,2,2,False,0.907
2338,2,1,5,2,True,0.789
2339,3,4,3,3,False,0.643
2340,3,3,3,2,False,0.524
2341,5,3,5,2,False,0.775
2342,3,3,3,1,False,0.605
2343,3,3,3,2,False,0.591
2344,7,0,7,7,False,0.923
2345,7,0,7,7,False,0.975
2348,7,0,7,7,False,0.909
2349,7,0,7,7,False,0.921
2351,6,0,6,6,False,1.0
2352,6,0,6,6,False,1.0
2353,6,0,6,6,False,1.0
2354,6,0,6,6,False,1.0
2355,6,0,6,6,False,1.0
2356,6,0,6,6,False,1.0
2357,6,0,6,6,False,1.0
2358,6,0,6,6,False,1.0
2359,6,0,6,6,False,1.0
2360,6,0,6,6,False,1.0
2361,6,0,6,6,False,1.0
2362,6,2,6,6,False,0.614
2363,6,0,6,6,False,1.0
2364,6,0,6,6,False,1.0
2365,6,0,6,6,False,1.0
2366,6,0,6,6,False,1.0
2367,6,0,6,6,False,1.0
2368,6,0,6,6,False,1.0
2369,6,0,6,6,False,1.0
2370,6,1,4,6,False,0.952
2371,6,0,6,6,False,1.0
2372,6,0,6,6,False,1.0
2373,6,0,6,6,False,1.0
2374,6,0,6,6,False,1.0
2375,6,0,6,6,False,1.0
2376,6,0,6,6,False,1.0
2377,6,0,6,6,False,1.0
2378,6,0,6,6,False,1.0
2379,6,0,6,6,False,1.0
2380,6,0,6,6,False,1.0
2381,6,0,6,6,False,1.0
2382,6,0,6,6,False,1.0
2383,6,0,6,6,False,1.0
2384,6,0,6,6,False,1.0
2385,6,0,6,6,False,1.0
2386,6,0,6,6,False,1.0
2387,6,0,6,6,False,1.0
2388,6,0,6,6,False,1.0
2389,6,0,6,6,False,1.0
2390,6,0,6,6,False,1.0
2391,6,2,6,6,False,0.878
2392,6,0,6,6,False,1.0
2393,2,0,6,6,False,0.829
2395,2,1,2,6,False,0.925
2398,6,0,6,6,False,1.0
2399,6,0,6,6,False,1.0
2400,6,0,6,6,False,1.0
2401,6,0,6,6,False,1.0
2402,6,0,6,6,False,1.0
2403,6,0,6,6,False,1.0
2404,6,0,6,6,False,1.0
2405,6,0,6,6,False,1.0
2406,6,0,6,6,False,1.0
2407,6,0,6,6,False,1.0
2408,6,0,6,6,False,1.0
2409,6,0,6,6,False,1.0
2410,2,2,4,6,False,0.769
2411,6,1,6,4,False,0.237
2412,4,1,4,6,False,0.743
2416,6,1,6,4,False,0.581
2422,6,2,6,6,False,0.59
2423,6,0,6,6,False,1.0
2424,6,0,6,6,False,1.0
2425,6,0,6,6,False,1.0
2426,6,0,6,6,False,1.0
2427,6,0,6,6,False,1.0
2428,6,0,6,6,False,1.0
2429,6,0,6,6,False,1.0
2430,6,0,6,6,False,1.0
2431,6,0,6,6,False,1.0
2432,6,0,6,6,False,1.0
2433,6,0,6,6,False,1.0
2434,6,0,6,6,False,1.0
2435,6,0,6,6,False,1.0
2436,6,0,6,6,False,1.0
2437,6,0,6,6,False,0.865
2439,6,0,6,6,False,1.0
2440,6,0,6,6,False,1.0
2441,6,1,6,4,False,1.0
2442,6,0,6,6,False,1.0
2443,6,0,6,6,False,1.0
2444,6,1,6,4,False,0.976
2445,6,0,6,6,False,0.977
2446,6,0,6,6,False,0.921
2447,6,0,6,6,False,1.0
2449,6,0,6,6,False,1.0
2450,6,0,6,6,False,1.0
2451,6,0,6,6,False,1.0
2452,6,0,6,6,False,1.0
2453,6,0,6,6,False,1.0
2454,6,0,6,6,False,1.0
2455,6,0,6,6,False,1.0
2456,6,0,6,6,False,1.0
2457,6,1,6,4,False,1.0
2458,6,0,6,6,False,1.0
2459,6,0,6,6,False,1.0
2460,6,0,6,6,False,1.0
2461,6,0,6,6,False,1.0
2462,4,0,4,4,False,0.949
2463,4,0,4,4,False,1.0
2464,4,0,4,4,False,1.0
2465,4,2,4,4,False,0.884
2466,4,0,4,4,False,1.0
2467,4,0,4,4,False,1.0
2468,4,0,4,4,False,1.0
2469,4,0,4,4,False,0.952
2470,4,0,4,4,False,1.0
2471,4,0,4,4,False,1.0
2472,4,0,4,4,False,0.949
2473,4,0,4,4,False,1.0
2474,4,0,4,4,False,1.0
2475,4,0,4,4,False,1.0
2476,4,0,4,4,False,0.865
2477,4,0,4,4,False,1.0
2478,4,0,4,4,False,0.907
2479,4,0,4,4,False,0.881
2480,4,0,4,4,False,0.905
2481,4,0,4,4,False,0.972
2482,4,0,4,4,False,0.894
2483,4,0,4,4,False,1.0
2484,4,0,4,4,False,0.907
2485,4,0,4,4,False,0.886
2486,4,0,4,4,False,0.857
2487,4,0,4,4,False,1.0
2488,4,0,4,4,False,0.895
2489,4,0,4,4,False,0.892
2490,4,0,4,4,False,1.0
2491,4,0,4,4,False,0.95
2492,4,0,4,4,False,1.0
2493,4,0,4,4,False,1.0
2494,4,0,4,4,False,0.884
2495,4,0,4,4,False,0.929
2496,4,0,4,4,False,0.977
2497,4,0,4,4,False,0.95
2498,4,0,4,4,False,0.979
2499,4,0,4,4,False,0.884
2500,4,0,4,4,False,1.0
2501,4,0,4,4,False,1.0
2502,4,0,4,4,False,0.951
2503,4,0,4,4,False,0.892
2504,4,0,4,4,False,0.833
2505,4,0,4,4,False,0.865
2506,4,0,4,4,False,0.884
2507,4,0,4,4,False,0.913
2508,4,0,4,4,False,0.911
2509,4,0,4,4,False,0.923
2510,4,0,4,4,False,0.927
2511,4,0,4,4,False,1.0
2512,4,0,4,4,False,1.0
2513,4,0,4,4,False,1.0
2514,4,0,4,4,False,0.972
2515,4,0,4,4,False,1.0
2516,4,0,4,4,False,0.977
2517,4,0,4,4,False,0.881
2518,4,0,4,4,False,0.889
2519,4,0,4,4,False,0.923
2520,4,0,4,4,False,1.0
2521,4,0,4,4,False,0.895
2522,4,0,4,4,False,1.0
2523,4,0,4,4,False,1.0
2524,4,0,4,4,False,1.0
2525,4,0,4,4,False,1.0
2526,4,0,4,4,False,1.0
2527,4,0,4,4,False,0.946
2528,4,0,4,4,False,1.0
2529,4,0,4,4,False,0.935
2530,4,0,4,4,False,1.0
2531,4,0,4,4,False,1.0
2532,4,0,4,4,False,0.886
2533,4,0,4,4,False,0.891
2534,4,0,4,4,False,1.0
2535,4,0,4,4,False,0.897
2536,4,0,4,4,False,0.891
2537,4,0,4,4,False,0.917
2538,4,0,4,4,False,0.973
2539,4,0,4,4,False,0.868
2540,4,0,4,4,False,0.947
2541,4,0,4,4,False,0.881
2542,4,0,4,4,False,0.875
2543,4,0,4,4,False,0.872
2544,4,0,4,4,False,0.878
2545,4,0,4,4,False,0.881
2546,4,0,4,4,False,1.0
2547,4,0,4,4,False,0.875
2548,4,0,4,4,False,1.0
2549,4,0,4,4,False,0.9
2550,4,0,4,4,False,0.977
2551,4,0,4,4,False,1.0
2552,4,0,4,4,False,0.947
2553,4,0,4,4,False,0.912
2554,4,0,4,4,False,0.974
2555,4,0,4,4,False,0.969
2556,4,0,4,4,False,1.0
2557,4,0,4,4,False,0.897
2558,4,0,4,4,False,0.886
2559,4,0,4,4,False,0.902
2560,4,0,4,4,False,1.0
2561,4,0,4,4,False,0.975
2562,4,0,4,4,False,0.905
2563,4,0,4,4,False,0.902
2564,4,0,4,4,False,0.905
2565,4,0,4,4,False,1.0
2566,4,0,4,4,False,0.976
2567,4,0,4,4,False,0.927
2568,4,0,4,4,False,1.0
2569,4,0,4,4,False,1.0
2570,4,0,4,4,False,1.0
2571,4,0,4,4,False,0.921
2572,4,0,4,4,False,1.0
2573,4,0,4,4,False,0.927
2574,4,0,4,4,False,0.902
2575,4,0,4,4,False,1.0
2576,4,0,4,4,False,0.974
2577,4,0,4,4,False,0.902
2578,4,0,4,4,False,0.95
2579,4,0,4,4,False,0.951
2580,4,0,4,4,False,1.0
2581,4,0,4,4,False,1.0
2582,4,0,4,4,False,1.0
2583,4,0,4,4,False,1.0
2584,4,0,4,4,False,1.0
2585,4,0,4,4,False,1.0
2586,4,0,4,4,False,0.952
2587,4,0,4,4,False,0.868
2588,4,0,4,4,False,0.868
2589,4,0,4,4,False,1.0
2590,4,0,4,4,False,0.919
2591,2,0,2,2,False,0.895
2592,4,0,4,4,False,0.907
2593,2,2,1,2,False,1.0
2595,2,3,1,2,False,0.976
2596,2,0,2,2,False,0.857
2597,2,1,2,4,False,0.763
2598,2,4,2,2,False,0.975
2599,4,0,4,4,False,1.0
2600,4,0,4,4,False,0.881
2601,2,0,2,2,False,0.762
2602,4,0,4,4,False,0.878
2604,4,0,4,4,False,0.897
2605,4,0,4,4,False,0.976
2606,4,0,4,4,False,0.795
2607,2,2,2,2,False,0.977
2618,1,2,1,1,False,0.775
2619,2,0,2,2,False,0.93
2620,2,0,2,2,False,0.973
2621,2,0,2,2,False,0.951
2644,2,0,2,2,False,0.833
2646,2,2,4,4,False,0.561
2647,2,0,2,2,False,1.0
2648,2,0,2,2,False,0.821
2649,4,0,4,4,False,0.86
2651,4,0,4,4,False,0.905
2652,2,0,2,2,False,0.805
2710,2,2,2,2,False,0.93
2808,2,0,2,2,False,0.821
2809,2,2,2,2,False,0.85
2813,2,0,2,2,False,0.974
2814,4,0,4,4,False,0.861
2872,7,0,7,7,False,0.867
2876,2,0,2,2,False,1.0
2879,5,2,5,5,False,0.829
2880,5,2,5,5,False,0.786
2881,2,0,2,2,False,0.927
2882,5,2,5,5,False,0.86
2883,2,0,2,2,False,0.935
2884,2,2,2,2,False,0.892
2885,3,2,3,3,False,0.744
2886,1,0,1,1,False,0.667
2887,2,0,2,2,False,1.0
3005,2,0,2,2,False,0.943
3007,3,2,2,2,False,0.452
3009,2,0,2,2,False,1.0
3011,2,0,2,2,False,0.919
3012,1,0,1,1,False,0.585
3013,2,2,4,4,False,0.714
