вариант,seed,territory_id
все 12 признаков (как в windows.py),42,5
все 12 признаков (как в windows.py),42,39
все 12 признаков (как в windows.py),42,40
все 12 признаков (как в windows.py),42,196
все 12 признаков (как в windows.py),42,203
все 12 признаков (как в windows.py),42,236
все 12 признаков (как в windows.py),42,459
все 12 признаков (как в windows.py),42,537
все 12 признаков (как в windows.py),42,554
все 12 признаков (как в windows.py),42,558
все 12 признаков (как в windows.py),42,579
все 12 признаков (как в windows.py),42,581
все 12 признаков (как в windows.py),42,621
все 12 признаков (как в windows.py),42,719
все 12 признаков (как в windows.py),42,1128
все 12 признаков (как в windows.py),42,1141
все 12 признаков (как в windows.py),42,1142
все 12 признаков (как в windows.py),42,1144
все 12 признаков (как в windows.py),42,1151
все 12 признаков (как в windows.py),42,1154
все 12 признаков (как в windows.py),42,1193
все 12 признаков (как в windows.py),42,1221
все 12 признаков (как в windows.py),42,1231
все 12 признаков (как в windows.py),42,1430
все 12 признаков (как в windows.py),42,1544
все 12 признаков (как в windows.py),42,1622
все 12 признаков (как в windows.py),42,1674
все 12 признаков (как в windows.py),42,2066
все 12 признаков (как в windows.py),42,2199
все 12 признаков (как в windows.py),42,2202
все 12 признаков (как в windows.py),42,2213
все 12 признаков (как в windows.py),42,2237
все 12 признаков (как в windows.py),42,2338
все 12 признаков (как в windows.py),43,2
все 12 признаков (как в windows.py),43,4
все 12 признаков (как в windows.py),43,19
все 12 признаков (как в windows.py),43,39
все 12 признаков (как в windows.py),43,40
все 12 признаков (как в windows.py),43,201
все 12 признаков (как в windows.py),43,208
все 12 признаков (как в windows.py),43,220
все 12 признаков (как в windows.py),43,298
все 12 признаков (как в windows.py),43,459
все 12 признаков (как в windows.py),43,537
все 12 признаков (как в windows.py),43,545
все 12 признаков (как в windows.py),43,554
все 12 признаков (как в windows.py),43,558
все 12 признаков (как в windows.py),43,579
все 12 признаков (как в windows.py),43,701
все 12 признаков (как в windows.py),43,704
все 12 признаков (как в windows.py),43,738
все 12 признаков (как в windows.py),43,744
все 12 признаков (как в windows.py),43,756
все 12 признаков (как в windows.py),43,791
все 12 признаков (как в windows.py),43,792
все 12 признаков (как в windows.py),43,798
все 12 признаков (как в windows.py),43,808
все 12 признаков (как в windows.py),43,851
все 12 признаков (как в windows.py),43,852
все 12 признаков (как в windows.py),43,874
все 12 признаков (как в windows.py),43,877
все 12 признаков (как в windows.py),43,884
все 12 признаков (как в windows.py),43,886
все 12 признаков (как в windows.py),43,913
все 12 признаков (как в windows.py),43,1025
все 12 признаков (как в windows.py),43,1142
все 12 признаков (как в windows.py),43,1144
все 12 признаков (как в windows.py),43,1147
все 12 признаков (как в windows.py),43,1151
все 12 признаков (как в windows.py),43,1154
все 12 признаков (как в windows.py),43,1164
все 12 признаков (как в windows.py),43,1191
все 12 признаков (как в windows.py),43,1193
все 12 признаков (как в windows.py),43,1221
все 12 признаков (как в windows.py),43,1231
все 12 признаков (как в windows.py),43,1429
все 12 признаков (как в windows.py),43,1430
все 12 признаков (как в windows.py),43,1532
все 12 признаков (как в windows.py),43,1544
все 12 признаков (как в windows.py),43,1566
все 12 признаков (как в windows.py),43,1622
все 12 признаков (как в windows.py),43,1624
все 12 признаков (как в windows.py),43,1638
все 12 признаков (как в windows.py),43,1674
все 12 признаков (как в windows.py),43,1852
все 12 признаков (как в windows.py),43,1959
все 12 признаков (как в windows.py),43,2114
все 12 признаков (как в windows.py),43,2130
все 12 признаков (как в windows.py),43,2149
все 12 признаков (как в windows.py),43,2163
все 12 признаков (как в windows.py),43,2198
все 12 признаков (как в windows.py),43,2199
все 12 признаков (как в windows.py),43,2202
все 12 признаков (как в windows.py),43,2208
все 12 признаков (как в windows.py),43,2212
все 12 признаков (как в windows.py),43,2213
все 12 признаков (как в windows.py),43,2264
все 12 признаков (как в windows.py),43,2338
все 12 признаков (как в windows.py),43,2342
все 12 признаков (как в windows.py),44,5
все 12 признаков (как в windows.py),44,40
все 12 признаков (как в windows.py),44,196
все 12 признаков (как в windows.py),44,203
все 12 признаков (как в windows.py),44,537
все 12 признаков (как в windows.py),44,554
все 12 признаков (как в windows.py),44,558
все 12 признаков (как в windows.py),44,579
все 12 признаков (как в windows.py),44,581
все 12 признаков (как в windows.py),44,719
все 12 признаков (как в windows.py),44,1142
все 12 признаков (как в windows.py),44,1144
все 12 признаков (как в windows.py),44,1193
все 12 признаков (как в windows.py),44,1231
все 12 признаков (как в windows.py),44,1430
все 12 признаков (как в windows.py),44,1544
все 12 признаков (как в windows.py),44,1556
все 12 признаков (как в windows.py),44,1622
все 12 признаков (как в windows.py),44,1888
все 12 признаков (как в windows.py),44,1901
все 12 признаков (как в windows.py),44,2066
все 12 признаков (как в windows.py),44,2199
все 12 признаков (как в windows.py),44,2213
все 12 признаков (как в windows.py),44,2595
"без полугодовых контрастов (growth_rel, mp_shift)",42,2
"без полугодовых контрастов (growth_rel, mp_shift)",42,39
"без полугодовых контрастов (growth_rel, mp_shift)",42,67
"без полугодовых контрастов (growth_rel, mp_shift)",42,203
"без полугодовых контрастов (growth_rel, mp_shift)",42,223
"без полугодовых контрастов (growth_rel, mp_shift)",42,239
"без полугодовых контрастов (growth_rel, mp_shift)",42,276
"без полугодовых контрастов (growth_rel, mp_shift)",42,307
"без полугодовых контрастов (growth_rel, mp_shift)",42,459
"без полугодовых контрастов (growth_rel, mp_shift)",42,518
"без полугодовых контрастов (growth_rel, mp_shift)",42,579
"без полугодовых контрастов (growth_rel, mp_shift)",42,704
"без полугодовых контрастов (growth_rel, mp_shift)",42,711
"без полугодовых контрастов (growth_rel, mp_shift)",42,738
"без полугодовых контрастов (growth_rel, mp_shift)",42,744
"без полугодовых контрастов (growth_rel, mp_shift)",42,774
"без полугодовых контрастов (growth_rel, mp_shift)",42,784
"без полугодовых контрастов (growth_rel, mp_shift)",42,827
"без полугодовых контрастов (growth_rel, mp_shift)",42,856
"без полугодовых контрастов (growth_rel, mp_shift)",42,859
"без полугодовых контрастов (growth_rel, mp_shift)",42,1017
"без полугодовых контрастов (growth_rel, mp_shift)",42,1030
"без полугодовых контрастов (growth_rel, mp_shift)",42,1035
"без полугодовых контрастов (growth_rel, mp_shift)",42,1141
"без полугодовых контрастов (growth_rel, mp_shift)",42,1194
"без полугодовых контрастов (growth_rel, mp_shift)",42,1251
"без полугодовых контрастов (growth_rel, mp_shift)",42,1305
"без полугодовых контрастов (growth_rel, mp_shift)",42,1328
"без полугодовых контрастов (growth_rel, mp_shift)",42,1415
"без полугодовых контрастов (growth_rel, mp_shift)",42,1419
"без полугодовых контрастов (growth_rel, mp_shift)",42,1426
"без полугодовых контрастов (growth_rel, mp_shift)",42,1429
"без полугодовых контрастов (growth_rel, mp_shift)",42,1430
"без полугодовых контрастов (growth_rel, mp_shift)",42,1542
"без полугодовых контрастов (growth_rel, mp_shift)",42,1544
"без полугодовых контрастов (growth_rel, mp_shift)",42,1564
"без полугодовых контрастов (growth_rel, mp_shift)",42,1580
"без полугодовых контрастов (growth_rel, mp_shift)",42,1585
"без полугодовых контрастов (growth_rel, mp_shift)",42,1594
"без полугодовых контрастов (growth_rel, mp_shift)",42,1609
"без полугодовых контрастов (growth_rel, mp_shift)",42,1638
"без полугодовых контрастов (growth_rel, mp_shift)",42,1659
"без полугодовых контрастов (growth_rel, mp_shift)",42,1694
"без полугодовых контрастов (growth_rel, mp_shift)",42,1705
"без полугодовых контрастов (growth_rel, mp_shift)",42,1755
"без полугодовых контрастов (growth_rel, mp_shift)",42,1774
"без полугодовых контрастов (growth_rel, mp_shift)",42,1856
"без полугодовых контрастов (growth_rel, mp_shift)",42,1857
"без полугодовых контрастов (growth_rel, mp_shift)",42,1873
"без полугодовых контрастов (growth_rel, mp_shift)",42,1889
"без полугодовых контрастов (growth_rel, mp_shift)",42,1897
"без полугодовых контрастов (growth_rel, mp_shift)",42,1903
"без полугодовых контрастов (growth_rel, mp_shift)",42,1904
"без полугодовых контрастов (growth_rel, mp_shift)",42,1910
"без полугодовых контрастов (growth_rel, mp_shift)",42,1917
"без полугодовых контрастов (growth_rel, mp_shift)",42,1956
"без полугодовых контрастов (growth_rel, mp_shift)",42,1969
"без полугодовых контрастов (growth_rel, mp_shift)",42,2037
"без полугодовых контрастов (growth_rel, mp_shift)",42,2055
"без полугодовых контрастов (growth_rel, mp_shift)",42,2058
"без полугодовых контрастов (growth_rel, mp_shift)",42,2068
"без полугодовых контрастов (growth_rel, mp_shift)",42,2077
"без полугодовых контрастов (growth_rel, mp_shift)",42,2140
"без полугодовых контрастов (growth_rel, mp_shift)",42,2146
"без полугодовых контрастов (growth_rel, mp_shift)",42,2149
"без полугодовых контрастов (growth_rel, mp_shift)",42,2206
"без полугодовых контрастов (growth_rel, mp_shift)",42,2215
"без полугодовых контрастов (growth_rel, mp_shift)",42,2230
"без полугодовых контрастов (growth_rel, mp_shift)",42,2274
"без полугодовых контрастов (growth_rel, mp_shift)",42,2341
"без полугодовых контрастов (growth_rel, mp_shift)",42,2343
"без полугодовых контрастов (growth_rel, mp_shift)",42,3012
"без полугодовых контрастов (growth_rel, mp_shift)",43,39
"без полугодовых контрастов (growth_rel, mp_shift)",43,43
"без полугодовых контрастов (growth_rel, mp_shift)",43,67
"без полугодовых контрастов (growth_rel, mp_shift)",43,81
"без полугодовых контрастов (growth_rel, mp_shift)",43,212
"без полугодовых контрастов (growth_rel, mp_shift)",43,236
"без полугодовых контрастов (growth_rel, mp_shift)",43,326
"без полугодовых контрастов (growth_rel, mp_shift)",43,332
"без полугодовых контрастов (growth_rel, mp_shift)",43,342
"без полугодовых контрастов (growth_rel, mp_shift)",43,446
"без полугодовых контрастов (growth_rel, mp_shift)",43,459
"без полугодовых контрастов (growth_rel, mp_shift)",43,512
"без полугодовых контрастов (growth_rel, mp_shift)",43,518
"без полугодовых контрастов (growth_rel, mp_shift)",43,579
"без полугодовых контрастов (growth_rel, mp_shift)",43,621
"без полугодовых контрастов (growth_rel, mp_shift)",43,689
"без полугодовых контрастов (growth_rel, mp_shift)",43,690
"без полугодовых контрастов (growth_rel, mp_shift)",43,695
"без полугодовых контрастов (growth_rel, mp_shift)",43,704
"без полугодовых контрастов (growth_rel, mp_shift)",43,711
"без полугодовых контрастов (growth_rel, mp_shift)",43,718
"без полугодовых контрастов (growth_rel, mp_shift)",43,738
"без полугодовых контрастов (growth_rel, mp_shift)",43,744
"без полугодовых контрастов (growth_rel, mp_shift)",43,756
"без полугодовых контрастов (growth_rel, mp_shift)",43,760
"без полугодовых контрастов (growth_rel, mp_shift)",43,764
"без полугодовых контрастов (growth_rel, mp_shift)",43,784
"без полугодовых контрастов (growth_rel, mp_shift)",43,889
"без полугодовых контрастов (growth_rel, mp_shift)",43,900
"без полугодовых контрастов (growth_rel, mp_shift)",43,1039
"без полугодовых контрастов (growth_rel, mp_shift)",43,1141
"без полугодовых контрастов (growth_rel, mp_shift)",43,1142
"без полугодовых контрастов (growth_rel, mp_shift)",43,1151
"без полугодовых контрастов (growth_rel, mp_shift)",43,1157
"без полугодовых контрастов (growth_rel, mp_shift)",43,1251
"без полугодовых контрастов (growth_rel, mp_shift)",43,1286
"без полугодовых контрастов (growth_rel, mp_shift)",43,1430
"без полугодовых контрастов (growth_rel, mp_shift)",43,1522
"без полугодовых контрастов (growth_rel, mp_shift)",43,1543
"без полугодовых контрастов (growth_rel, mp_shift)",43,1609
"без полугодовых контрастов (growth_rel, mp_shift)",43,1633
"без полугодовых контрастов (growth_rel, mp_shift)",43,1638
"без полугодовых контрастов (growth_rel, mp_shift)",43,1659
"без полугодовых контрастов (growth_rel, mp_shift)",43,1728
"без полугодовых контрастов (growth_rel, mp_shift)",43,1956
"без полугодовых контрастов (growth_rel, mp_shift)",43,1969
"без полугодовых контрастов (growth_rel, mp_shift)",43,2017
"без полугодовых контрастов (growth_rel, mp_shift)",43,2045
"без полугодовых контрастов (growth_rel, mp_shift)",43,2130
"без полугодовых контрастов (growth_rel, mp_shift)",43,2134
"без полугодовых контрастов (growth_rel, mp_shift)",43,2149
"без полугодовых контрастов (growth_rel, mp_shift)",43,2163
"без полугодовых контрастов (growth_rel, mp_shift)",43,2202
"без полугодовых контрастов (growth_rel, mp_shift)",43,2206
"без полугодовых контрастов (growth_rel, mp_shift)",43,2215
"без полугодовых контрастов (growth_rel, mp_shift)",43,2218
"без полугодовых контрастов (growth_rel, mp_shift)",43,2233
"без полугодовых контрастов (growth_rel, mp_shift)",43,2339
"без полугодовых контрастов (growth_rel, mp_shift)",43,2341
"без полугодовых контрастов (growth_rel, mp_shift)",43,2343
"без полугодовых контрастов (growth_rel, mp_shift)",43,2607
"без полугодовых контрастов (growth_rel, mp_shift)",44,39
"без полугодовых контрастов (growth_rel, mp_shift)",44,43
"без полугодовых контрастов (growth_rel, mp_shift)",44,81
"без полугодовых контрастов (growth_rel, mp_shift)",44,212
"без полугодовых контрастов (growth_rel, mp_shift)",44,223
"без полугодовых контрастов (growth_rel, mp_shift)",44,236
"без полугодовых контрастов (growth_rel, mp_shift)",44,326
"без полугодовых контрастов (growth_rel, mp_shift)",44,332
"без полугодовых контрастов (growth_rel, mp_shift)",44,342
"без полугодовых контрастов (growth_rel, mp_shift)",44,459
"без полугодовых контрастов (growth_rel, mp_shift)",44,512
"без полугодовых контрастов (growth_rel, mp_shift)",44,518
"без полугодовых контрастов (growth_rel, mp_shift)",44,579
"без полугодовых контрастов (growth_rel, mp_shift)",44,621
"без полугодовых контрастов (growth_rel, mp_shift)",44,689
"без полугодовых контрастов (growth_rel, mp_shift)",44,690
"без полугодовых контрастов (growth_rel, mp_shift)",44,695
"без полугодовых контрастов (growth_rel, mp_shift)",44,711
"без полугодовых контрастов (growth_rel, mp_shift)",44,718
"без полугодовых контрастов (growth_rel, mp_shift)",44,738
"без полугодовых контрастов (growth_rel, mp_shift)",44,756
"без полугодовых контрастов (growth_rel, mp_shift)",44,784
"без полугодовых контрастов (growth_rel, mp_shift)",44,856
"без полугодовых контрастов (growth_rel, mp_shift)",44,889
"без полугодовых контрастов (growth_rel, mp_shift)",44,1141
"без полугодовых контрастов (growth_rel, mp_shift)",44,1151
"без полугодовых контрастов (growth_rel, mp_shift)",44,1157
"без полугодовых контрастов (growth_rel, mp_shift)",44,1286
"без полугодовых контрастов (growth_rel, mp_shift)",44,1430
"без полугодовых контрастов (growth_rel, mp_shift)",44,1522
"без полугодовых контрастов (growth_rel, mp_shift)",44,1609
"без полугодовых контрастов (growth_rel, mp_shift)",44,1638
"без полугодовых контрастов (growth_rel, mp_shift)",44,1728
"без полугодовых контрастов (growth_rel, mp_shift)",44,1969
"без полугодовых контрастов (growth_rel, mp_shift)",44,2017
"без полугодовых контрастов (growth_rel, mp_shift)",44,2045
"без полугодовых контрастов (growth_rel, mp_shift)",44,2130
"без полугодовых контрастов (growth_rel, mp_shift)",44,2149
"без полугодовых контрастов (growth_rel, mp_shift)",44,2163
"без полугодовых контрастов (growth_rel, mp_shift)",44,2206
"без полугодовых контрастов (growth_rel, mp_shift)",44,2218
"без полугодовых контрастов (growth_rel, mp_shift)",44,2233
"без полугодовых контрастов (growth_rel, mp_shift)",44,2339
"без полугодовых контрастов (growth_rel, mp_shift)",44,2341
"без полугодовых контрастов (growth_rel, mp_shift)",44,2343
"без полугодовых контрастов (growth_rel, mp_shift)",44,2607
