id,method,k,SW,CH,S_Dbw,AVI,AVU,MQ,K,min_size,max_share,network,distance,xi_mult,admissible,rank_SW,rank_CH,rank_S_Dbw,rank_AVI,rank_AVU,rank_MQ,borda,copeland,borda_place,copeland_place,ARI_mean,ARI_q10,ARI_sd
kmeans|k6,kmeans,6,0.16916612669987122,351.6476052184418,0.6841785680935919,0.5158886153784747,0.49418315492658227,0.2895932725048762,6,95,0.3005,,,,True,1.0,4.0,24.0,16.0,21.0,19.0,185.0,35,1,1,0.8495118831647611,0.5827414769004389,0.15668948766353208
kmeans|k7,kmeans,7,0.15360233805621115,331.1477268624884,0.6466372941377224,0.46281889708128776,0.47353585878984134,0.25728991920386074,7,91,0.237,,,,True,3.0,6.0,16.0,22.0,17.0,24.0,182.0,34,2,2,0.8250783988208337,0.6943061371782726,0.10050517610322654
kmeans|k8,kmeans,8,0.14604384289371525,306.7609606661882,0.6185909620294573,0.4431883566416222,0.44987328837045915,0.25346660924727893,8,90,0.2315,,,,True,6.0,11.0,15.0,26.0,7.0,29.0,176.0,25,3,3,0.7094071214739248,0.6116657381820294,0.0961276951093295
kmeans|k5,kmeans,5,0.15970916006326205,385.8355666444482,0.6790358797769689,0.5271144769727,0.5632789326405543,0.2872327472135692,5,191,0.3095,,,,True,2.0,2.0,21.0,14.0,41.0,20.0,170.0,24,4,4,0.9361535542377702,0.8841549684966415,0.035272922481112835
ward|k7,ward,7,0.12652627056761143,278.80547283280004,0.6944897936148595,0.5036002162021223,0.3902350467999392,0.2559597556332334,7,66,0.316,,,,True,13.0,15.0,27.0,20.0,1.0,25.0,169.0,20,5,7,0.4225868928124321,0.35817782482917143,0.05798015215411868
ward|k6,ward,6,0.11992109038479953,299.8540960934346,0.694434118410361,0.5080704912470011,0.44024578054391994,0.2543386553976714,6,66,0.316,,,,True,14.0,12.0,26.0,18.0,6.0,26.0,168.0,22,6,5,0.4233173413993679,0.3249465131973732,0.0724206329221144
kmeans|k4,kmeans,4,0.15177678983758602,408.6289796637622,0.7031917254148782,0.5731199028882296,0.5539204496888385,0.28107602386001196,4,198,0.342,,,,True,4.0,1.0,29.0,11.0,37.0,21.0,167.0,22,7,5,,,
kefrin|geography|cosine|xi1|k4,kefrin,4,0.13223076368257494,364.1656964437331,0.6962003963653445,0.6078151246176751,0.5778968894191722,0.35703165520096786,4,305,0.3305,geography,cosine,1.0,True,11.0,3.0,28.0,10.0,43.0,10.0,165.0,19,8,8,,,
kmeans|k9,kmeans,9,0.15163274186770218,289.5098502452466,0.610865883288456,0.40193936191095125,0.46248951792610465,0.23492295723172069,9,85,0.2295,,,,True,5.0,13.0,13.0,32.0,13.0,34.0,160.0,15,9,9,,,
ward|k8,ward,8,0.1329446356190036,257.98937740793326,0.6822154666129466,0.4521455233467835,0.39445163223527874,0.24363796319972741,8,66,0.316,,,,True,10.0,20.0,23.0,24.0,2.0,31.0,160.0,12,9,14,,,
kmeans|k11,kmeans,11,0.1380824078384228,263.8337906754449,0.5473501761464037,0.3730433808954235,0.45430564489584063,0.21734803006272385,11,57,0.1715,,,,True,9.0,17.0,4.0,36.0,9.0,39.0,156.0,14,11,10,,,
kefrin|geography|cosine|xi1|k6,kefrin,6,0.10671251203279963,310.5386021518129,0.598679684433427,0.5108817726742688,0.5791950694545845,0.3428970256418197,6,237,0.199,geography,cosine,1.0,True,18.0,10.0,12.0,17.0,44.0,14.0,155.0,14,12,10,,,
kmeans|k10,kmeans,10,0.14103113113751764,275.67978891093924,0.5733264379990677,0.38090934472907023,0.45581572143887883,0.21742692700621044,10,73,0.199,,,,True,7.0,16.0,8.0,35.0,11.0,38.0,155.0,13,12,13,,,
kefrin|geography|cosine|xi1|k7,kefrin,7,0.09866840546846477,280.0318683098918,0.5757058897553717,0.49427177245422244,0.5626264612819624,0.352002056300862,7,224,0.1815,geography,cosine,1.0,True,20.0,14.0,9.0,21.0,40.0,11.0,155.0,11,12,16,,,
kefrin|geography|cosine|xi4|k4,kefrin,4,0.10538691900150118,315.0616970540676,0.8708529934101605,0.7381563592471736,0.5550580092529952,0.5051318394439306,4,355,0.311,geography,cosine,4.0,True,19.0,9.0,38.0,3.0,38.0,9.0,154.0,12,15,14,,,
kefrin|geography|cosine|xi4|k12,kefrin,12,-0.018907802755402246,112.73332460854827,0.6808183902881902,0.760869355639688,0.4547759303366034,0.6494916374896429,12,85,0.1745,geography,cosine,4.0,True,45.0,45.0,22.0,1.0,10.0,1.0,146.0,14,16,10,,,
kefrin|geography|cosine|xi4|k6,kefrin,6,0.036252862444500406,224.94808390867118,0.6606349050546495,0.7285631296013905,0.5180672347020755,0.5655229702366025,6,261,0.212,geography,cosine,4.0,True,39.0,27.0,20.0,4.0,28.0,6.0,146.0,11,16,16,,,
kefrin|geography|cosine|xi4|k5,kefrin,5,0.05532545338245903,261.4044531048888,0.714524539972005,0.7467204937683662,0.5186257674385424,0.5490173652924439,5,282,0.2725,geography,cosine,4.0,True,37.0,18.0,31.0,2.0,29.0,8.0,145.0,10,18,18,,,
ward|k4,ward,4,0.11541429931942265,346.10872543370397,0.8150533723235688,0.5705611647173403,0.5316246041551977,0.25351446276424766,4,168,0.3935,,,,True,15.0,5.0,34.0,12.0,31.0,28.0,145.0,8,18,20,,,
ward|k9,ward,9,0.10822309673842474,243.07153315392992,0.6486381811141683,0.411275917064793,0.43254797014297075,0.2434852674240006,9,66,0.262,,,,True,17.0,23.0,17.0,31.0,5.0,32.0,145.0,3,18,23,,,
kefrin|geography|cosine|xi1|k9,kefrin,9,0.09080647674335567,241.17624977655555,0.5689196793055858,0.44635316609697273,0.5387981311473198,0.33605774114744713,9,148,0.1455,geography,cosine,1.0,True,23.0,24.0,5.0,25.0,34.0,15.0,144.0,0,21,25,,,
ward|k5,ward,5,0.12994239759902224,329.9268886460322,0.7386293631481397,0.506938032575665,0.5134581234021164,0.25292517856098123,5,155,0.316,,,,True,12.0,7.0,32.0,19.0,27.0,30.0,143.0,10,22,18,,,
kmeans|k12,kmeans,12,0.1387584950842739,252.55943472044146,0.5280131003588768,0.34615836238871117,0.4644123474264457,0.20057072652203678,12,50,0.161,,,,True,8.0,21.0,3.0,39.0,14.0,43.0,142.0,7,23,21,,,
kefrin|geography|cosine|xi1|k5,kefrin,5,0.11101426362764158,321.21381845594146,0.832579417696695,0.5282360686296202,0.5625233521722969,0.32174107144030784,5,263,0.2465,geography,cosine,1.0,True,16.0,8.0,36.0,13.0,39.0,18.0,140.0,2,24,24,,,
kefrin|geography|cosine|xi4|k11,kefrin,11,0.005146340575190547,138.0165063525379,0.6498116576708306,0.7060206271765501,0.4748201097622758,0.5992954514944977,11,83,0.157,geography,cosine,4.0,True,44.0,42.0,18.0,7.0,18.0,3.0,138.0,5,25,22,,,
kefrin|geography|cosine|xi4|k7,kefrin,7,0.039592523233662844,192.71810150950765,0.8284232989440763,0.721239375185074,0.46532127741147805,0.5775682851825148,7,140,0.239,geography,cosine,4.0,True,38.0,33.0,35.0,6.0,15.0,5.0,138.0,-1,25,26,,,
kefrin|geography|cosine|xi1|k8,kefrin,8,0.09609888273028676,260.873945644433,0.5894453601719961,0.4528358207783947,0.5688980426694512,0.32872756179862284,8,185,0.174,geography,cosine,1.0,True,21.0,19.0,11.0,23.0,42.0,17.0,137.0,-2,27,27,,,
ward|k10,ward,10,0.0915172347860141,231.30483248470287,0.6152280132934351,0.38593962817812527,0.43234736028838733,0.2265539179980269,10,66,0.2275,,,,True,22.0,25.0,14.0,34.0,4.0,36.0,135.0,-2,28,27,,,
kefrin|geography|cosine|xi1|k11,kefrin,11,0.07353726656134853,209.8444531665515,0.5131924019597687,0.41576020404106745,0.5292796519383691,0.3429373705915576,11,115,0.1475,geography,cosine,1.0,True,29.0,31.0,2.0,30.0,30.0,13.0,135.0,-3,28,29,,,
kefrin|geography|cosine|xi1|k10,kefrin,10,0.0822043800575456,225.5308835604053,0.5709857542605563,0.4321896440713351,0.5460670717268877,0.33169554425479775,10,135,0.1395,geography,cosine,1.0,True,27.0,26.0,6.0,28.0,35.0,16.0,132.0,-5,30,31,,,
kefrin|geography|cosine|xi1|k12,kefrin,12,0.06212669465706283,194.02604886888298,0.5101163398241252,0.41776858323391797,0.5333015417030537,0.34510392687191294,12,110,0.1265,geography,cosine,1.0,True,33.0,32.0,1.0,29.0,32.0,12.0,131.0,-4,31,30,,,
kefrin|geography|cosine|xi4|k9,kefrin,9,0.01986430471108726,162.34390388820617,0.6908631803420441,0.7038622821559063,0.5127112309123318,0.5820802954001362,9,160,0.1405,geography,cosine,4.0,True,42.0,38.0,25.0,8.0,26.0,4.0,127.0,-5,32,31,,,
kefrin|geography|cosine|xi4|k8,kefrin,8,0.03542839344387312,189.63737396806548,0.6526016560958505,0.6655301740359668,0.5484842818231492,0.5508010235634163,8,166,0.1685,geography,cosine,4.0,True,40.0,34.0,19.0,9.0,36.0,7.0,125.0,-6,33,33,,,
ward|k11,ward,11,0.09003307909265196,222.40538310340614,0.5837337358386607,0.35876879142928497,0.429370303342207,0.21171829257426641,11,66,0.17,,,,True,25.0,28.0,10.0,37.0,3.0,42.0,125.0,-9,33,35,,,
kefrin|geography|cosine|xi4|k10,kefrin,10,0.00766252481230852,133.5647605783989,0.7134935126020703,0.723693315078084,0.5077880103482177,0.6177535034639884,10,110,0.1525,geography,cosine,4.0,True,43.0,43.0,30.0,5.0,23.0,2.0,124.0,-8,35,34,,,
ward|k12,ward,12,0.09044932109678597,213.28388658563128,0.5728987996227126,0.340580446677122,0.4562015850126584,0.2141974679578068,12,66,0.17,,,,True,24.0,29.0,7.0,41.0,12.0,40.0,117.0,-11,36,36,,,
gmm|k4,gmm,4,0.08624475059876016,243.66640178482987,1.100480927883153,0.521972934725303,0.5812666862460829,0.27429082368127783,4,281,0.481,,,,True,26.0,22.0,45.0,15.0,45.0,22.0,95.0,-21,37,37,,,
gmm|k5,gmm,5,0.05766752418906558,213.03449812271754,1.0040195717882463,0.4430429685162455,0.5367195660867473,0.25783404863292836,5,271,0.301,,,,True,34.0,30.0,41.0,27.0,33.0,23.0,82.0,-31,38,39,,,
gmm|k7,gmm,7,0.07366849471970552,174.10081139445046,1.0244345563497588,0.35695597611380064,0.47256268252572464,0.24197269558466342,7,69,0.282,,,,True,28.0,36.0,42.0,38.0,16.0,33.0,77.0,-30,39,38,,,
gmm|k6,gmm,6,0.0560727244705245,179.9658181248795,1.038893906537577,0.39101835303318494,0.5117283913021297,0.2537109872348644,6,213,0.225,,,,True,35.0,35.0,43.0,33.0,25.0,27.0,72.0,-34,40,41,,,
gmm|k10,gmm,10,0.065707156279153,157.53097532462573,0.8962440975271133,0.3280137979909534,0.45097897243242613,0.21279315878411875,10,62,0.251,,,,True,30.0,39.0,39.0,43.0,8.0,41.0,70.0,-31,41,39,,,
gmm|k9,gmm,9,0.06429910264770888,156.05697149060072,0.9911023359526753,0.3328027756298542,0.4956822927294761,0.2200488371947752,9,79,0.2475,,,,True,31.0,40.0,40.0,42.0,22.0,37.0,58.0,-36,42,42,,,
gmm|k11,gmm,11,0.05543702512785362,163.11329868268572,0.7817092199472295,0.3122997122184119,0.4867685402844915,0.18211779390681648,11,52,0.192,,,,True,36.0,37.0,33.0,44.0,20.0,44.0,56.0,-38,43,43,,,
gmm|k8,gmm,8,0.06384494047928828,155.08507023416885,1.0501468616385965,0.34083168641272843,0.508164591909059,0.22853370655105498,8,60,0.226,,,,True,32.0,41.0,44.0,40.0,24.0,35.0,54.0,-41,44,44,,,
gmm|k12,gmm,12,0.028420280134842008,127.98568847892126,0.8642359908018706,0.25855755333588143,0.4812783010878672,0.1818106999989492,12,33,0.166,,,,True,41.0,44.0,37.0,45.0,19.0,45.0,39.0,-44,45,45,,,
